{"type": "FeatureCollection", "generated": "2026-09-10T04:22:11.864016+00:00", "source": "COMNAP Antarctic Logistics Routes / Historical AIS", "features": [{"type": "Feature", "id": "route_pa_palmer", "properties": {"name": "Punta Arenas \u2192 Palmer Station", "route_id": "route_pa_palmer", "route_type": "supply", "distance_km": 1250, "typical_vessel": "supply", "segment_count": 25}, "geometry": {"type": "LineString", "coordinates": [[-70.91, -53.16], [-68.0, -55.0], [-65.0, -60.0], [-64.0, -63.0], [-64.05, -64.77]]}, "segments": [{"seg_id": "0_0", "start_lat": -53.16, "start_lon": -70.91, "end_lat": -53.528, "end_lon": -70.328, "center_lat": -53.344, "center_lon": -70.619, "length_km": 55.81, "risk_level": "unknown", "ice_concentration": 0.0, "iceberg_proximity_km": null}, {"seg_id": "0_1", "start_lat": -53.528, "start_lon": -70.328, "end_lat": -53.896, "end_lon": -69.746, "center_lat": -53.712, "center_lon": -70.037, "length_km": 55.81, "risk_level": "unknown", "ice_concentration": 0.0, "iceberg_proximity_km": null}, {"seg_id": "0_2", "start_lat": -53.896, "start_lon": -69.746, "end_lat": -54.264, "end_lon": -69.164, "center_lat": -54.08, "center_lon": -69.455, "length_km": 55.81, "risk_level": "unknown", "ice_concentration": 0.0, "iceberg_proximity_km": null}, {"seg_id": "0_3", "start_lat": -54.264, "start_lon": -69.164, "end_lat": -54.632, "end_lon": -68.582, "center_lat": -54.448, "center_lon": -68.873, "length_km": 55.81, "risk_level": "unknown", "ice_concentration": 0.0, "iceberg_proximity_km": null}, {"seg_id": "0_4", "start_lat": -54.632, "start_lon": -68.582, "end_lat": -55.0, "end_lon": -68.0, "center_lat": -54.816, "center_lon": -68.291, "length_km": 55.81, "risk_level": "unknown", "ice_concentration": 0.0, "iceberg_proximity_km": null}, {"seg_id": "1_0", "start_lat": -55.0, "start_lon": -68.0, "end_lat": -55.45455, "end_lon": -67.72727, "center_lat": -55.22727, "center_lon": -67.86364, "length_km": 53.09, "risk_level": "unknown", "ice_concentration": 0.0, "iceberg_proximity_km": null}, {"seg_id": "1_1", "start_lat": -55.45455, "start_lon": -67.72727, "end_lat": -55.90909, "end_lon": -67.45455, "center_lat": -55.68182, "center_lon": -67.59091, "length_km": 53.09, "risk_level": "unknown", "ice_concentration": 0.0, "iceberg_proximity_km": null}, {"seg_id": "1_2", "start_lat": -55.90909, "start_lon": -67.45455, "end_lat": -56.36364, "end_lon": -67.18182, "center_lat": -56.13636, "center_lon": -67.31818, "length_km": 53.09, "risk_level": "unknown", "ice_concentration": 0.0, "iceberg_proximity_km": null}, {"seg_id": "1_3", "start_lat": -56.36364, "start_lon": -67.18182, "end_lat": -56.81818, "end_lon": -66.90909, "center_lat": -56.59091, "center_lon": -67.04545, "length_km": 53.09, "risk_level": "unknown", "ice_concentration": 0.0, "iceberg_proximity_km": null}, {"seg_id": "1_4", "start_lat": -56.81818, "start_lon": -66.90909, "end_lat": -57.27273, "end_lon": -66.63636, "center_lat": -57.04545, "center_lon": -66.77273, "length_km": 53.09, "risk_level": "unknown", "ice_concentration": 0.0, "iceberg_proximity_km": null}, {"seg_id": "1_5", "start_lat": -57.27273, "start_lon": -66.63636, "end_lat": -57.72727, "end_lon": -66.36364, "center_lat": -57.5, "center_lon": -66.5, "length_km": 53.09, "risk_level": "unknown", "ice_concentration": 0.0, "iceberg_proximity_km": null}, {"seg_id": "1_6", "start_lat": -57.72727, "start_lon": -66.36364, "end_lat": -58.18182, "end_lon": -66.09091, "center_lat": -57.95455, "center_lon": -66.22727, "length_km": 53.09, "risk_level": "unknown", "ice_concentration": 0.0, "iceberg_proximity_km": null}, {"seg_id": "1_7", "start_lat": -58.18182, "start_lon": -66.09091, "end_lat": -58.63636, "end_lon": -65.81818, "center_lat": -58.40909, "center_lon": -65.95455, "length_km": 53.09, "risk_level": "unknown", "ice_concentration": 0.0, "iceberg_proximity_km": null}, {"seg_id": "1_8", "start_lat": -58.63636, "start_lon": -65.81818, "end_lat": -59.09091, "end_lon": -65.54545, "center_lat": -58.86364, "center_lon": -65.68182, "length_km": 53.09, "risk_level": "unknown", "ice_concentration": 0.0, "iceberg_proximity_km": null}, {"seg_id": "1_9", "start_lat": -59.09091, "start_lon": -65.54545, "end_lat": -59.54545, "end_lon": -65.27273, "center_lat": -59.31818, "center_lon": -65.40909, "length_km": 53.09, "risk_level": "unknown", "ice_concentration": 0.0, "iceberg_proximity_km": null}, {"seg_id": "1_10", "start_lat": -59.54545, "start_lon": -65.27273, "end_lat": -60.0, "end_lon": -65.0, "center_lat": -59.77273, "center_lon": -65.13636, "length_km": 53.09, "risk_level": "unknown", "ice_concentration": 0.0, "iceberg_proximity_km": null}, {"seg_id": "2_0", "start_lat": -60.0, "start_lon": -65.0, "end_lat": -60.5, "end_lon": -64.83333, "center_lat": -60.25, "center_lon": -64.91667, "length_km": 56.29, "risk_level": "unknown", "ice_concentration": 0.0, "iceberg_proximity_km": null}, {"seg_id": "2_1", "start_lat": -60.5, "start_lon": -64.83333, "end_lat": -61.0, "end_lon": -64.66667, "center_lat": -60.75, "center_lon": -64.75, "length_km": 56.29, "risk_level": "unknown", "ice_concentration": 0.0, "iceberg_proximity_km": null}, {"seg_id": "2_2", "start_lat": -61.0, "start_lon": -64.66667, "end_lat": -61.5, "end_lon": -64.5, "center_lat": -61.25, "center_lon": -64.58333, "length_km": 56.29, "risk_level": "unknown", "ice_concentration": 0.0, "iceberg_proximity_km": null}, {"seg_id": "2_3", "start_lat": -61.5, "start_lon": -64.5, "end_lat": -62.0, "end_lon": -64.33333, "center_lat": -61.75, "center_lon": -64.41667, "length_km": 56.29, "risk_level": "unknown", "ice_concentration": 0.0, "iceberg_proximity_km": null}, {"seg_id": "2_4", "start_lat": -62.0, "start_lon": -64.33333, "end_lat": -62.5, "end_lon": -64.16667, "center_lat": -62.25, "center_lon": -64.25, "length_km": 56.29, "risk_level": "unknown", "ice_concentration": 0.0, "iceberg_proximity_km": null}, {"seg_id": "2_5", "start_lat": -62.5, "start_lon": -64.16667, "end_lat": -63.0, "end_lon": -64.0, "center_lat": -62.75, "center_lon": -64.08333, "length_km": 56.29, "risk_level": "unknown", "ice_concentration": 0.0, "iceberg_proximity_km": null}, {"seg_id": "3_0", "start_lat": -63.0, "start_lon": -64.0, "end_lat": -63.59, "end_lon": -64.01667, "center_lat": -63.295, "center_lon": -64.00833, "length_km": 65.61, "risk_level": "unknown", "ice_concentration": 0.0, "iceberg_proximity_km": null}, {"seg_id": "3_1", "start_lat": -63.59, "start_lon": -64.01667, "end_lat": -64.18, "end_lon": -64.03333, "center_lat": -63.885, "center_lon": -64.025, "length_km": 65.61, "risk_level": "unknown", "ice_concentration": 0.0, "iceberg_proximity_km": null}, {"seg_id": "3_2", "start_lat": -64.18, "start_lon": -64.03333, "end_lat": -64.77, "end_lon": -64.05, "center_lat": -64.475, "center_lon": -64.04167, "length_km": 65.61, "risk_level": "unknown", "ice_concentration": 0.0, "iceberg_proximity_km": null}]}, {"type": "Feature", "id": "route_pa_rothera", "properties": {"name": "Punta Arenas \u2192 Rothera", "route_id": "route_pa_rothera", "route_type": "supply", "distance_km": 1650, "typical_vessel": "icebreaker", "segment_count": 34}, "geometry": {"type": "LineString", "coordinates": [[-70.91, -53.16], [-68.0, -55.5], [-63.0, -62.0], [-65.0, -66.0], [-68.13, -67.57]]}, "segments": [{"seg_id": "0_0", "start_lat": -53.16, "start_lon": -70.91, "end_lat": -53.55, "end_lon": -70.425, "center_lat": -53.355, "center_lon": -70.6675, "length_km": 53.56, "risk_level": "unknown", "ice_concentration": 0.0, "iceberg_proximity_km": null}, {"seg_id": "0_1", "start_lat": -53.55, "start_lon": -70.425, "end_lat": -53.94, "end_lon": -69.94, "center_lat": -53.745, "center_lon": -70.1825, "length_km": 53.56, "risk_level": "unknown", "ice_concentration": 0.0, "iceberg_proximity_km": null}, {"seg_id": "0_2", "start_lat": -53.94, "start_lon": -69.94, "end_lat": -54.33, "end_lon": -69.455, "center_lat": -54.135, "center_lon": -69.6975, "length_km": 53.56, "risk_level": "unknown", "ice_concentration": 0.0, "iceberg_proximity_km": null}, {"seg_id": "0_3", "start_lat": -54.33, "start_lon": -69.455, "end_lat": -54.72, "end_lon": -68.97, "center_lat": -54.525, "center_lon": -69.2125, "length_km": 53.56, "risk_level": "unknown", "ice_concentration": 0.0, "iceberg_proximity_km": null}, {"seg_id": "0_4", "start_lat": -54.72, "start_lon": -68.97, "end_lat": -55.11, "end_lon": -68.485, "center_lat": -54.915, "center_lon": -68.7275, "length_km": 53.56, "risk_level": "unknown", "ice_concentration": 0.0, "iceberg_proximity_km": null}, {"seg_id": "0_5", "start_lat": -55.11, "start_lon": -68.485, "end_lat": -55.5, "end_lon": -68.0, "center_lat": -55.305, "center_lon": -68.2425, "length_km": 53.56, "risk_level": "unknown", "ice_concentration": 0.0, "iceberg_proximity_km": null}, {"seg_id": "1_0", "start_lat": -55.5, "start_lon": -68.0, "end_lat": -55.93333, "end_lon": -67.66667, "center_lat": -55.71667, "center_lon": -67.83333, "length_km": 51.84, "risk_level": "unknown", "ice_concentration": 0.0, "iceberg_proximity_km": null}, {"seg_id": "1_1", "start_lat": -55.93333, "start_lon": -67.66667, "end_lat": -56.36667, "end_lon": -67.33333, "center_lat": -56.15, "center_lon": -67.5, "length_km": 51.84, "risk_level": "unknown", "ice_concentration": 0.0, "iceberg_proximity_km": null}, {"seg_id": "1_2", "start_lat": -56.36667, "start_lon": -67.33333, "end_lat": -56.8, "end_lon": -67.0, "center_lat": -56.58333, "center_lon": -67.16667, "length_km": 51.84, "risk_level": "unknown", "ice_concentration": 0.0, "iceberg_proximity_km": null}, {"seg_id": "1_3", "start_lat": -56.8, "start_lon": -67.0, "end_lat": -57.23333, "end_lon": -66.66667, "center_lat": -57.01667, "center_lon": -66.83333, "length_km": 51.84, "risk_level": "unknown", "ice_concentration": 0.0, "iceberg_proximity_km": null}, {"seg_id": "1_4", "start_lat": -57.23333, "start_lon": -66.66667, "end_lat": -57.66667, "end_lon": -66.33333, "center_lat": -57.45, "center_lon": -66.5, "length_km": 51.84, "risk_level": "unknown", "ice_concentration": 0.0, "iceberg_proximity_km": null}, {"seg_id": "1_5", "start_lat": -57.66667, "start_lon": -66.33333, "end_lat": -58.1, "end_lon": -66.0, "center_lat": -57.88333, "center_lon": -66.16667, "length_km": 51.84, "risk_level": "unknown", "ice_concentration": 0.0, "iceberg_proximity_km": null}, {"seg_id": "1_6", "start_lat": -58.1, "start_lon": -66.0, "end_lat": -58.53333, "end_lon": -65.66667, "center_lat": -58.31667, "center_lon": -65.83333, "length_km": 51.84, "risk_level": "unknown", "ice_concentration": 0.0, "iceberg_proximity_km": null}, {"seg_id": "1_7", "start_lat": -58.53333, "start_lon": -65.66667, "end_lat": -58.96667, "end_lon": -65.33333, "center_lat": -58.75, "center_lon": -65.5, "length_km": 51.84, "risk_level": "unknown", "ice_concentration": 0.0, "iceberg_proximity_km": null}, {"seg_id": "1_8", "start_lat": -58.96667, "start_lon": -65.33333, "end_lat": -59.4, "end_lon": -65.0, "center_lat": -59.18333, "center_lon": -65.16667, "length_km": 51.84, "risk_level": "unknown", "ice_concentration": 0.0, "iceberg_proximity_km": null}, {"seg_id": "1_9", "start_lat": -59.4, "start_lon": -65.0, "end_lat": -59.83333, "end_lon": -64.66667, "center_lat": -59.61667, "center_lon": -64.83333, "length_km": 51.84, "risk_level": "unknown", "ice_concentration": 0.0, "iceberg_proximity_km": null}, {"seg_id": "1_10", "start_lat": -59.83333, "start_lon": -64.66667, "end_lat": -60.26667, "end_lon": -64.33333, "center_lat": -60.05, "center_lon": -64.5, "length_km": 51.84, "risk_level": "unknown", "ice_concentration": 0.0, "iceberg_proximity_km": null}, {"seg_id": "1_11", "start_lat": -60.26667, "start_lon": -64.33333, "end_lat": -60.7, "end_lon": -64.0, "center_lat": -60.48333, "center_lon": -64.16667, "length_km": 51.84, "risk_level": "unknown", "ice_concentration": 0.0, "iceberg_proximity_km": null}, {"seg_id": "1_12", "start_lat": -60.7, "start_lon": -64.0, "end_lat": -61.13333, "end_lon": -63.66667, "center_lat": -60.91667, "center_lon": -63.83333, "length_km": 51.84, "risk_level": "unknown", "ice_concentration": 0.0, "iceberg_proximity_km": null}, {"seg_id": "1_13", "start_lat": -61.13333, "start_lon": -63.66667, "end_lat": -61.56667, "end_lon": -63.33333, "center_lat": -61.35, "center_lon": -63.5, "length_km": 51.84, "risk_level": "unknown", "ice_concentration": 0.0, "iceberg_proximity_km": null}, {"seg_id": "1_14", "start_lat": -61.56667, "start_lon": -63.33333, "end_lat": -62.0, "end_lon": -63.0, "center_lat": -61.78333, "center_lon": -63.16667, "length_km": 51.84, "risk_level": "unknown", "ice_concentration": 0.0, "iceberg_proximity_km": null}, {"seg_id": "2_0", "start_lat": -62.0, "start_lon": -63.0, "end_lat": -62.44444, "end_lon": -63.22222, "center_lat": -62.22222, "center_lon": -63.11111, "length_km": 50.59, "risk_level": "unknown", "ice_concentration": 0.0, "iceberg_proximity_km": null}, {"seg_id": "2_1", "start_lat": -62.44444, "start_lon": -63.22222, "end_lat": -62.88889, "end_lon": -63.44444, "center_lat": -62.66667, "center_lon": -63.33333, "length_km": 50.59, "risk_level": "unknown", "ice_concentration": 0.0, "iceberg_proximity_km": null}, {"seg_id": "2_2", "start_lat": -62.88889, "start_lon": -63.44444, "end_lat": -63.33333, "end_lon": -63.66667, "center_lat": -63.11111, "center_lon": -63.55556, "length_km": 50.59, "risk_level": "unknown", "ice_concentration": 0.0, "iceberg_proximity_km": null}, {"seg_id": "2_3", "start_lat": -63.33333, "start_lon": -63.66667, "end_lat": -63.77778, "end_lon": -63.88889, "center_lat": -63.55556, "center_lon": -63.77778, "length_km": 50.59, "risk_level": "unknown", "ice_concentration": 0.0, "iceberg_proximity_km": null}, {"seg_id": "2_4", "start_lat": -63.77778, "start_lon": -63.88889, "end_lat": -64.22222, "end_lon": -64.11111, "center_lat": -64.0, "center_lon": -64.0, "length_km": 50.59, "risk_level": "unknown", "ice_concentration": 0.0, "iceberg_proximity_km": null}, {"seg_id": "2_5", "start_lat": -64.22222, "start_lon": -64.11111, "end_lat": -64.66667, "end_lon": -64.33333, "center_lat": -64.44444, "center_lon": -64.22222, "length_km": 50.59, "risk_level": "unknown", "ice_concentration": 0.0, "iceberg_proximity_km": null}, {"seg_id": "2_6", "start_lat": -64.66667, "start_lon": -64.33333, "end_lat": -65.11111, "end_lon": -64.55556, "center_lat": -64.88889, "center_lon": -64.44444, "length_km": 50.59, "risk_level": "unknown", "ice_concentration": 0.0, "iceberg_proximity_km": null}, {"seg_id": "2_7", "start_lat": -65.11111, "start_lon": -64.55556, "end_lat": -65.55556, "end_lon": -64.77778, "center_lat": -65.33333, "center_lon": -64.66667, "length_km": 50.59, "risk_level": "unknown", "ice_concentration": 0.0, "iceberg_proximity_km": null}, {"seg_id": "2_8", "start_lat": -65.55556, "start_lon": -64.77778, "end_lat": -66.0, "end_lon": -65.0, "center_lat": -65.77778, "center_lon": -64.88889, "length_km": 50.59, "risk_level": "unknown", "ice_concentration": 0.0, "iceberg_proximity_km": null}, {"seg_id": "3_0", "start_lat": -66.0, "start_lon": -65.0, "end_lat": -66.3925, "end_lon": -65.7825, "center_lat": -66.19625, "center_lon": -65.39125, "length_km": 55.49, "risk_level": "unknown", "ice_concentration": 0.0, "iceberg_proximity_km": null}, {"seg_id": "3_1", "start_lat": -66.3925, "start_lon": -65.7825, "end_lat": -66.785, "end_lon": -66.565, "center_lat": -66.58875, "center_lon": -66.17375, "length_km": 55.49, "risk_level": "unknown", "ice_concentration": 0.0, "iceberg_proximity_km": null}, {"seg_id": "3_2", "start_lat": -66.785, "start_lon": -66.565, "end_lat": -67.1775, "end_lon": -67.3475, "center_lat": -66.98125, "center_lon": -66.95625, "length_km": 55.49, "risk_level": "unknown", "ice_concentration": 0.0, "iceberg_proximity_km": null}, {"seg_id": "3_3", "start_lat": -67.1775, "start_lon": -67.3475, "end_lat": -67.57, "end_lon": -68.13, "center_lat": -67.37375, "center_lon": -67.73875, "length_km": 55.49, "risk_level": "unknown", "ice_concentration": 0.0, "iceberg_proximity_km": null}]}, {"type": "Feature", "id": "route_ct_neumayer", "properties": {"name": "Cape Town \u2192 Neumayer Station", "route_id": "route_ct_neumayer", "route_type": "supply", "distance_km": 4200, "typical_vessel": "icebreaker", "segment_count": 92}, "geometry": {"type": "LineString", "coordinates": [[18.42, -33.93], [12.0, -43.0], [-5.0, -55.0], [-7.0, -68.0], [-8.27, -70.65]]}, "segments": [{"seg_id": "0_0", "start_lat": -33.93, "start_lon": 18.42, "end_lat": -34.32435, "end_lon": 18.14087, "center_lat": -34.12717, "center_lon": 18.28043, "length_km": 50.1, "risk_level": "unknown", "ice_concentration": 0.0, "iceberg_proximity_km": null}, {"seg_id": "0_1", "start_lat": -34.32435, "start_lon": 18.14087, "end_lat": -34.7187, "end_lon": 17.86174, "center_lat": -34.52152, "center_lon": 18.0013, "length_km": 50.1, "risk_level": "unknown", "ice_concentration": 0.0, "iceberg_proximity_km": null}, {"seg_id": "0_2", "start_lat": -34.7187, "start_lon": 17.86174, "end_lat": -35.11304, "end_lon": 17.58261, "center_lat": -34.91587, "center_lon": 17.72217, "length_km": 50.1, "risk_level": "unknown", "ice_concentration": 0.0, "iceberg_proximity_km": null}, {"seg_id": "0_3", "start_lat": -35.11304, "start_lon": 17.58261, "end_lat": -35.50739, "end_lon": 17.30348, "center_lat": -35.31022, "center_lon": 17.44304, "length_km": 50.1, "risk_level": "unknown", "ice_concentration": 0.0, "iceberg_proximity_km": null}, {"seg_id": "0_4", "start_lat": -35.50739, "start_lon": 17.30348, "end_lat": -35.90174, "end_lon": 17.02435, "center_lat": -35.70457, "center_lon": 17.16391, "length_km": 50.1, "risk_level": "unknown", "ice_concentration": 0.0, "iceberg_proximity_km": null}, {"seg_id": "0_5", "start_lat": -35.90174, "start_lon": 17.02435, "end_lat": -36.29609, "end_lon": 16.74522, "center_lat": -36.09891, "center_lon": 16.88478, "length_km": 50.1, "risk_level": "unknown", "ice_concentration": 0.0, "iceberg_proximity_km": null}, {"seg_id": "0_6", "start_lat": -36.29609, "start_lon": 16.74522, "end_lat": -36.69043, "end_lon": 16.46609, "center_lat": -36.49326, "center_lon": 16.60565, "length_km": 50.1, "risk_level": "unknown", "ice_concentration": 0.0, "iceberg_proximity_km": null}, {"seg_id": "0_7", "start_lat": -36.69043, "start_lon": 16.46609, "end_lat": -37.08478, "end_lon": 16.18696, "center_lat": -36.88761, "center_lon": 16.32652, "length_km": 50.1, "risk_level": "unknown", "ice_concentration": 0.0, "iceberg_proximity_km": null}, {"seg_id": "0_8", "start_lat": -37.08478, "start_lon": 16.18696, "end_lat": -37.47913, "end_lon": 15.90783, "center_lat": -37.28196, "center_lon": 16.04739, "length_km": 50.1, "risk_level": "unknown", "ice_concentration": 0.0, "iceberg_proximity_km": null}, {"seg_id": "0_9", "start_lat": -37.47913, "start_lon": 15.90783, "end_lat": -37.87348, "end_lon": 15.6287, "center_lat": -37.6763, "center_lon": 15.76826, "length_km": 50.1, "risk_level": "unknown", "ice_concentration": 0.0, "iceberg_proximity_km": null}, {"seg_id": "0_10", "start_lat": -37.87348, "start_lon": 15.6287, "end_lat": -38.26783, "end_lon": 15.34957, "center_lat": -38.07065, "center_lon": 15.48913, "length_km": 50.1, "risk_level": "unknown", "ice_concentration": 0.0, "iceberg_proximity_km": null}, {"seg_id": "0_11", "start_lat": -38.26783, "start_lon": 15.34957, "end_lat": -38.66217, "end_lon": 15.07043, "center_lat": -38.465, "center_lon": 15.21, "length_km": 50.1, "risk_level": "unknown", "ice_concentration": 0.0, "iceberg_proximity_km": null}, {"seg_id": "0_12", "start_lat": -38.66217, "start_lon": 15.07043, "end_lat": -39.05652, "end_lon": 14.7913, "center_lat": -38.85935, "center_lon": 14.93087, "length_km": 50.1, "risk_level": "unknown", "ice_concentration": 0.0, "iceberg_proximity_km": null}, {"seg_id": "0_13", "start_lat": -39.05652, "start_lon": 14.7913, "end_lat": -39.45087, "end_lon": 14.51217, "center_lat": -39.2537, "center_lon": 14.65174, "length_km": 50.1, "risk_level": "unknown", "ice_concentration": 0.0, "iceberg_proximity_km": null}, {"seg_id": "0_14", "start_lat": -39.45087, "start_lon": 14.51217, "end_lat": -39.84522, "end_lon": 14.23304, "center_lat": -39.64804, "center_lon": 14.37261, "length_km": 50.1, "risk_level": "unknown", "ice_concentration": 0.0, "iceberg_proximity_km": null}, {"seg_id": "0_15", "start_lat": -39.84522, "start_lon": 14.23304, "end_lat": -40.23957, "end_lon": 13.95391, "center_lat": -40.04239, "center_lon": 14.09348, "length_km": 50.1, "risk_level": "unknown", "ice_concentration": 0.0, "iceberg_proximity_km": null}, {"seg_id": "0_16", "start_lat": -40.23957, "start_lon": 13.95391, "end_lat": -40.63391, "end_lon": 13.67478, "center_lat": -40.43674, "center_lon": 13.81435, "length_km": 50.1, "risk_level": "unknown", "ice_concentration": 0.0, "iceberg_proximity_km": null}, {"seg_id": "0_17", "start_lat": -40.63391, "start_lon": 13.67478, "end_lat": -41.02826, "end_lon": 13.39565, "center_lat": -40.83109, "center_lon": 13.53522, "length_km": 50.1, "risk_level": "unknown", "ice_concentration": 0.0, "iceberg_proximity_km": null}, {"seg_id": "0_18", "start_lat": -41.02826, "start_lon": 13.39565, "end_lat": -41.42261, "end_lon": 13.11652, "center_lat": -41.22543, "center_lon": 13.25609, "length_km": 50.1, "risk_level": "unknown", "ice_concentration": 0.0, "iceberg_proximity_km": null}, {"seg_id": "0_19", "start_lat": -41.42261, "start_lon": 13.11652, "end_lat": -41.81696, "end_lon": 12.83739, "center_lat": -41.61978, "center_lon": 12.97696, "length_km": 50.1, "risk_level": "unknown", "ice_concentration": 0.0, "iceberg_proximity_km": null}, {"seg_id": "0_20", "start_lat": -41.81696, "start_lon": 12.83739, "end_lat": -42.2113, "end_lon": 12.55826, "center_lat": -42.01413, "center_lon": 12.69783, "length_km": 50.1, "risk_level": "unknown", "ice_concentration": 0.0, "iceberg_proximity_km": null}, {"seg_id": "0_21", "start_lat": -42.2113, "start_lon": 12.55826, "end_lat": -42.60565, "end_lon": 12.27913, "center_lat": -42.40848, "center_lon": 12.4187, "length_km": 50.1, "risk_level": "unknown", "ice_concentration": 0.0, "iceberg_proximity_km": null}, {"seg_id": "0_22", "start_lat": -42.60565, "start_lon": 12.27913, "end_lat": -43.0, "end_lon": 12.0, "center_lat": -42.80283, "center_lon": 12.13957, "length_km": 50.1, "risk_level": "unknown", "ice_concentration": 0.0, "iceberg_proximity_km": null}, {"seg_id": "1_0", "start_lat": -43.0, "start_lon": 12.0, "end_lat": -43.33333, "end_lon": 11.52778, "center_lat": -43.16667, "center_lon": 11.76389, "length_km": 50.34, "risk_level": "unknown", "ice_concentration": 0.0, "iceberg_proximity_km": null}, {"seg_id": "1_1", "start_lat": -43.33333, "start_lon": 11.52778, "end_lat": -43.66667, "end_lon": 11.05556, "center_lat": -43.5, "center_lon": 11.29167, "length_km": 50.34, "risk_level": "unknown", "ice_concentration": 0.0, "iceberg_proximity_km": null}, {"seg_id": "1_2", "start_lat": -43.66667, "start_lon": 11.05556, "end_lat": -44.0, "end_lon": 10.58333, "center_lat": -43.83333, "center_lon": 10.81944, "length_km": 50.34, "risk_level": "unknown", "ice_concentration": 0.0, "iceberg_proximity_km": null}, {"seg_id": "1_3", "start_lat": -44.0, "start_lon": 10.58333, "end_lat": -44.33333, "end_lon": 10.11111, "center_lat": -44.16667, "center_lon": 10.34722, "length_km": 50.34, "risk_level": "unknown", "ice_concentration": 0.0, "iceberg_proximity_km": null}, {"seg_id": "1_4", "start_lat": -44.33333, "start_lon": 10.11111, "end_lat": -44.66667, "end_lon": 9.63889, "center_lat": -44.5, "center_lon": 9.875, "length_km": 50.34, "risk_level": "unknown", "ice_concentration": 0.0, "iceberg_proximity_km": null}, {"seg_id": "1_5", "start_lat": -44.66667, "start_lon": 9.63889, "end_lat": -45.0, "end_lon": 9.16667, "center_lat": -44.83333, "center_lon": 9.40278, "length_km": 50.34, "risk_level": "unknown", "ice_concentration": 0.0, "iceberg_proximity_km": null}, {"seg_id": "1_6", "start_lat": -45.0, "start_lon": 9.16667, "end_lat": -45.33333, "end_lon": 8.69444, "center_lat": -45.16667, "center_lon": 8.93056, "length_km": 50.34, "risk_level": "unknown", "ice_concentration": 0.0, "iceberg_proximity_km": null}, {"seg_id": "1_7", "start_lat": -45.33333, "start_lon": 8.69444, "end_lat": -45.66667, "end_lon": 8.22222, "center_lat": -45.5, "center_lon": 8.45833, "length_km": 50.34, "risk_level": "unknown", "ice_concentration": 0.0, "iceberg_proximity_km": null}, {"seg_id": "1_8", "start_lat": -45.66667, "start_lon": 8.22222, "end_lat": -46.0, "end_lon": 7.75, "center_lat": -45.83333, "center_lon": 7.98611, "length_km": 50.34, "risk_level": "unknown", "ice_concentration": 0.0, "iceberg_proximity_km": null}, {"seg_id": "1_9", "start_lat": -46.0, "start_lon": 7.75, "end_lat": -46.33333, "end_lon": 7.27778, "center_lat": -46.16667, "center_lon": 7.51389, "length_km": 50.34, "risk_level": "unknown", "ice_concentration": 0.0, "iceberg_proximity_km": null}, {"seg_id": "1_10", "start_lat": -46.33333, "start_lon": 7.27778, "end_lat": -46.66667, "end_lon": 6.80556, "center_lat": -46.5, "center_lon": 7.04167, "length_km": 50.34, "risk_level": "unknown", "ice_concentration": 0.0, "iceberg_proximity_km": null}, {"seg_id": "1_11", "start_lat": -46.66667, "start_lon": 6.80556, "end_lat": -47.0, "end_lon": 6.33333, "center_lat": -46.83333, "center_lon": 6.56944, "length_km": 50.34, "risk_level": "unknown", "ice_concentration": 0.0, "iceberg_proximity_km": null}, {"seg_id": "1_12", "start_lat": -47.0, "start_lon": 6.33333, "end_lat": -47.33333, "end_lon": 5.86111, "center_lat": -47.16667, "center_lon": 6.09722, "length_km": 50.34, "risk_level": "unknown", "ice_concentration": 0.0, "iceberg_proximity_km": null}, {"seg_id": "1_13", "start_lat": -47.33333, "start_lon": 5.86111, "end_lat": -47.66667, "end_lon": 5.38889, "center_lat": -47.5, "center_lon": 5.625, "length_km": 50.34, "risk_level": "unknown", "ice_concentration": 0.0, "iceberg_proximity_km": null}, {"seg_id": "1_14", "start_lat": -47.66667, "start_lon": 5.38889, "end_lat": -48.0, "end_lon": 4.91667, "center_lat": -47.83333, "center_lon": 5.15278, "length_km": 50.34, "risk_level": "unknown", "ice_concentration": 0.0, "iceberg_proximity_km": null}, {"seg_id": "1_15", "start_lat": -48.0, "start_lon": 4.91667, "end_lat": -48.33333, "end_lon": 4.44444, "center_lat": -48.16667, "center_lon": 4.68056, "length_km": 50.34, "risk_level": "unknown", "ice_concentration": 0.0, "iceberg_proximity_km": null}, {"seg_id": "1_16", "start_lat": -48.33333, "start_lon": 4.44444, "end_lat": -48.66667, "end_lon": 3.97222, "center_lat": -48.5, "center_lon": 4.20833, "length_km": 50.34, "risk_level": "unknown", "ice_concentration": 0.0, "iceberg_proximity_km": null}, {"seg_id": "1_17", "start_lat": -48.66667, "start_lon": 3.97222, "end_lat": -49.0, "end_lon": 3.5, "center_lat": -48.83333, "center_lon": 3.73611, "length_km": 50.34, "risk_level": "unknown", "ice_concentration": 0.0, "iceberg_proximity_km": null}, {"seg_id": "1_18", "start_lat": -49.0, "start_lon": 3.5, "end_lat": -49.33333, "end_lon": 3.02778, "center_lat": -49.16667, "center_lon": 3.26389, "length_km": 50.34, "risk_level": "unknown", "ice_concentration": 0.0, "iceberg_proximity_km": null}, {"seg_id": "1_19", "start_lat": -49.33333, "start_lon": 3.02778, "end_lat": -49.66667, "end_lon": 2.55556, "center_lat": -49.5, "center_lon": 2.79167, "length_km": 50.34, "risk_level": "unknown", "ice_concentration": 0.0, "iceberg_proximity_km": null}, {"seg_id": "1_20", "start_lat": -49.66667, "start_lon": 2.55556, "end_lat": -50.0, "end_lon": 2.08333, "center_lat": -49.83333, "center_lon": 2.31944, "length_km": 50.34, "risk_level": "unknown", "ice_concentration": 0.0, "iceberg_proximity_km": null}, {"seg_id": "1_21", "start_lat": -50.0, "start_lon": 2.08333, "end_lat": -50.33333, "end_lon": 1.61111, "center_lat": -50.16667, "center_lon": 1.84722, "length_km": 50.34, "risk_level": "unknown", "ice_concentration": 0.0, "iceberg_proximity_km": null}, {"seg_id": "1_22", "start_lat": -50.33333, "start_lon": 1.61111, "end_lat": -50.66667, "end_lon": 1.13889, "center_lat": -50.5, "center_lon": 1.375, "length_km": 50.34, "risk_level": "unknown", "ice_concentration": 0.0, "iceberg_proximity_km": null}, {"seg_id": "1_23", "start_lat": -50.66667, "start_lon": 1.13889, "end_lat": -51.0, "end_lon": 0.66667, "center_lat": -50.83333, "center_lon": 0.90278, "length_km": 50.34, "risk_level": "unknown", "ice_concentration": 0.0, "iceberg_proximity_km": null}, {"seg_id": "1_24", "start_lat": -51.0, "start_lon": 0.66667, "end_lat": -51.33333, "end_lon": 0.19444, "center_lat": -51.16667, "center_lon": 0.43056, "length_km": 50.34, "risk_level": "unknown", "ice_concentration": 0.0, "iceberg_proximity_km": null}, {"seg_id": "1_25", "start_lat": -51.33333, "start_lon": 0.19444, "end_lat": -51.66667, "end_lon": -0.27778, "center_lat": -51.5, "center_lon": -0.04167, "length_km": 50.34, "risk_level": "unknown", "ice_concentration": 0.0, "iceberg_proximity_km": null}, {"seg_id": "1_26", "start_lat": -51.66667, "start_lon": -0.27778, "end_lat": -52.0, "end_lon": -0.75, "center_lat": -51.83333, "center_lon": -0.51389, "length_km": 50.34, "risk_level": "unknown", "ice_concentration": 0.0, "iceberg_proximity_km": null}, {"seg_id": "1_27", "start_lat": -52.0, "start_lon": -0.75, "end_lat": -52.33333, "end_lon": -1.22222, "center_lat": -52.16667, "center_lon": -0.98611, "length_km": 50.34, "risk_level": "unknown", "ice_concentration": 0.0, "iceberg_proximity_km": null}, {"seg_id": "1_28", "start_lat": -52.33333, "start_lon": -1.22222, "end_lat": -52.66667, "end_lon": -1.69444, "center_lat": -52.5, "center_lon": -1.45833, "length_km": 50.34, "risk_level": "unknown", "ice_concentration": 0.0, "iceberg_proximity_km": null}, {"seg_id": "1_29", "start_lat": -52.66667, "start_lon": -1.69444, "end_lat": -53.0, "end_lon": -2.16667, "center_lat": -52.83333, "center_lon": -1.93056, "length_km": 50.34, "risk_level": "unknown", "ice_concentration": 0.0, "iceberg_proximity_km": null}, {"seg_id": "1_30", "start_lat": -53.0, "start_lon": -2.16667, "end_lat": -53.33333, "end_lon": -2.63889, "center_lat": -53.16667, "center_lon": -2.40278, "length_km": 50.34, "risk_level": "unknown", "ice_concentration": 0.0, "iceberg_proximity_km": null}, {"seg_id": "1_31", "start_lat": -53.33333, "start_lon": -2.63889, "end_lat": -53.66667, "end_lon": -3.11111, "center_lat": -53.5, "center_lon": -2.875, "length_km": 50.34, "risk_level": "unknown", "ice_concentration": 0.0, "iceberg_proximity_km": null}, {"seg_id": "1_32", "start_lat": -53.66667, "start_lon": -3.11111, "end_lat": -54.0, "end_lon": -3.58333, "center_lat": -53.83333, "center_lon": -3.34722, "length_km": 50.34, "risk_level": "unknown", "ice_concentration": 0.0, "iceberg_proximity_km": null}, {"seg_id": "1_33", "start_lat": -54.0, "start_lon": -3.58333, "end_lat": -54.33333, "end_lon": -4.05556, "center_lat": -54.16667, "center_lon": -3.81944, "length_km": 50.34, "risk_level": "unknown", "ice_concentration": 0.0, "iceberg_proximity_km": null}, {"seg_id": "1_34", "start_lat": -54.33333, "start_lon": -4.05556, "end_lat": -54.66667, "end_lon": -4.52778, "center_lat": -54.5, "center_lon": -4.29167, "length_km": 50.34, "risk_level": "unknown", "ice_concentration": 0.0, "iceberg_proximity_km": null}, {"seg_id": "1_35", "start_lat": -54.66667, "start_lon": -4.52778, "end_lat": -55.0, "end_lon": -5.0, "center_lat": -54.83333, "center_lon": -4.76389, "length_km": 50.34, "risk_level": "unknown", "ice_concentration": 0.0, "iceberg_proximity_km": null}, {"seg_id": "2_0", "start_lat": -55.0, "start_lon": -5.0, "end_lat": -55.46429, "end_lon": -5.07143, "center_lat": -55.23214, "center_lon": -5.03571, "length_km": 51.76, "risk_level": "unknown", "ice_concentration": 0.0, "iceberg_proximity_km": null}, {"seg_id": "2_1", "start_lat": -55.46429, "start_lon": -5.07143, "end_lat": -55.92857, "end_lon": -5.14286, "center_lat": -55.69643, "center_lon": -5.10714, "length_km": 51.76, "risk_level": "unknown", "ice_concentration": 0.0, "iceberg_proximity_km": null}, {"seg_id": "2_2", "start_lat": -55.92857, "start_lon": -5.14286, "end_lat": -56.39286, "end_lon": -5.21429, "center_lat": -56.16071, "center_lon": -5.17857, "length_km": 51.76, "risk_level": "unknown", "ice_concentration": 0.0, "iceberg_proximity_km": null}, {"seg_id": "2_3", "start_lat": -56.39286, "start_lon": -5.21429, "end_lat": -56.85714, "end_lon": -5.28571, "center_lat": -56.625, "center_lon": -5.25, "length_km": 51.76, "risk_level": "unknown", "ice_concentration": 0.0, "iceberg_proximity_km": null}, {"seg_id": "2_4", "start_lat": -56.85714, "start_lon": -5.28571, "end_lat": -57.32143, "end_lon": -5.35714, "center_lat": -57.08929, "center_lon": -5.32143, "length_km": 51.76, "risk_level": "unknown", "ice_concentration": 0.0, "iceberg_proximity_km": null}, {"seg_id": "2_5", "start_lat": -57.32143, "start_lon": -5.35714, "end_lat": -57.78571, "end_lon": -5.42857, "center_lat": -57.55357, "center_lon": -5.39286, "length_km": 51.76, "risk_level": "unknown", "ice_concentration": 0.0, "iceberg_proximity_km": null}, {"seg_id": "2_6", "start_lat": -57.78571, "start_lon": -5.42857, "end_lat": -58.25, "end_lon": -5.5, "center_lat": -58.01786, "center_lon": -5.46429, "length_km": 51.76, "risk_level": "unknown", "ice_concentration": 0.0, "iceberg_proximity_km": null}, {"seg_id": "2_7", "start_lat": -58.25, "start_lon": -5.5, "end_lat": -58.71429, "end_lon": -5.57143, "center_lat": -58.48214, "center_lon": -5.53571, "length_km": 51.76, "risk_level": "unknown", "ice_concentration": 0.0, "iceberg_proximity_km": null}, {"seg_id": "2_8", "start_lat": -58.71429, "start_lon": -5.57143, "end_lat": -59.17857, "end_lon": -5.64286, "center_lat": -58.94643, "center_lon": -5.60714, "length_km": 51.76, "risk_level": "unknown", "ice_concentration": 0.0, "iceberg_proximity_km": null}, {"seg_id": "2_9", "start_lat": -59.17857, "start_lon": -5.64286, "end_lat": -59.64286, "end_lon": -5.71429, "center_lat": -59.41071, "center_lon": -5.67857, "length_km": 51.76, "risk_level": "unknown", "ice_concentration": 0.0, "iceberg_proximity_km": null}, {"seg_id": "2_10", "start_lat": -59.64286, "start_lon": -5.71429, "end_lat": -60.10714, "end_lon": -5.78571, "center_lat": -59.875, "center_lon": -5.75, "length_km": 51.76, "risk_level": "unknown", "ice_concentration": 0.0, "iceberg_proximity_km": null}, {"seg_id": "2_11", "start_lat": -60.10714, "start_lon": -5.78571, "end_lat": -60.57143, "end_lon": -5.85714, "center_lat": -60.33929, "center_lon": -5.82143, "length_km": 51.76, "risk_level": "unknown", "ice_concentration": 0.0, "iceberg_proximity_km": null}, {"seg_id": "2_12", "start_lat": -60.57143, "start_lon": -5.85714, "end_lat": -61.03571, "end_lon": -5.92857, "center_lat": -60.80357, "center_lon": -5.89286, "length_km": 51.76, "risk_level": "unknown", "ice_concentration": 0.0, "iceberg_proximity_km": null}, {"seg_id": "2_13", "start_lat": -61.03571, "start_lon": -5.92857, "end_lat": -61.5, "end_lon": -6.0, "center_lat": -61.26786, "center_lon": -5.96429, "length_km": 51.76, "risk_level": "unknown", "ice_concentration": 0.0, "iceberg_proximity_km": null}, {"seg_id": "2_14", "start_lat": -61.5, "start_lon": -6.0, "end_lat": -61.96429, "end_lon": -6.07143, "center_lat": -61.73214, "center_lon": -6.03571, "length_km": 51.76, "risk_level": "unknown", "ice_concentration": 0.0, "iceberg_proximity_km": null}, {"seg_id": "2_15", "start_lat": -61.96429, "start_lon": -6.07143, "end_lat": -62.42857, "end_lon": -6.14286, "center_lat": -62.19643, "center_lon": -6.10714, "length_km": 51.76, "risk_level": "unknown", "ice_concentration": 0.0, "iceberg_proximity_km": null}, {"seg_id": "2_16", "start_lat": -62.42857, "start_lon": -6.14286, "end_lat": -62.89286, "end_lon": -6.21429, "center_lat": -62.66071, "center_lon": -6.17857, "length_km": 51.76, "risk_level": "unknown", "ice_concentration": 0.0, "iceberg_proximity_km": null}, {"seg_id": "2_17", "start_lat": -62.89286, "start_lon": -6.21429, "end_lat": -63.35714, "end_lon": -6.28571, "center_lat": -63.125, "center_lon": -6.25, "length_km": 51.76, "risk_level": "unknown", "ice_concentration": 0.0, "iceberg_proximity_km": null}, {"seg_id": "2_18", "start_lat": -63.35714, "start_lon": -6.28571, "end_lat": -63.82143, "end_lon": -6.35714, "center_lat": -63.58929, "center_lon": -6.32143, "length_km": 51.76, "risk_level": "unknown", "ice_concentration": 0.0, "iceberg_proximity_km": null}, {"seg_id": "2_19", "start_lat": -63.82143, "start_lon": -6.35714, "end_lat": -64.28571, "end_lon": -6.42857, "center_lat": -64.05357, "center_lon": -6.39286, "length_km": 51.76, "risk_level": "unknown", "ice_concentration": 0.0, "iceberg_proximity_km": null}, {"seg_id": "2_20", "start_lat": -64.28571, "start_lon": -6.42857, "end_lat": -64.75, "end_lon": -6.5, "center_lat": -64.51786, "center_lon": -6.46429, "length_km": 51.76, "risk_level": "unknown", "ice_concentration": 0.0, "iceberg_proximity_km": null}, {"seg_id": "2_21", "start_lat": -64.75, "start_lon": -6.5, "end_lat": -65.21429, "end_lon": -6.57143, "center_lat": -64.98214, "center_lon": -6.53571, "length_km": 51.76, "risk_level": "unknown", "ice_concentration": 0.0, "iceberg_proximity_km": null}, {"seg_id": "2_22", "start_lat": -65.21429, "start_lon": -6.57143, "end_lat": -65.67857, "end_lon": -6.64286, "center_lat": -65.44643, "center_lon": -6.60714, "length_km": 51.76, "risk_level": "unknown", "ice_concentration": 0.0, "iceberg_proximity_km": null}, {"seg_id": "2_23", "start_lat": -65.67857, "start_lon": -6.64286, "end_lat": -66.14286, "end_lon": -6.71429, "center_lat": -65.91071, "center_lon": -6.67857, "length_km": 51.76, "risk_level": "unknown", "ice_concentration": 0.0, "iceberg_proximity_km": null}, {"seg_id": "2_24", "start_lat": -66.14286, "start_lon": -6.71429, "end_lat": -66.60714, "end_lon": -6.78571, "center_lat": -66.375, "center_lon": -6.75, "length_km": 51.76, "risk_level": "unknown", "ice_concentration": 0.0, "iceberg_proximity_km": null}, {"seg_id": "2_25", "start_lat": -66.60714, "start_lon": -6.78571, "end_lat": -67.07143, "end_lon": -6.85714, "center_lat": -66.83929, "center_lon": -6.82143, "length_km": 51.76, "risk_level": "unknown", "ice_concentration": 0.0, "iceberg_proximity_km": null}, {"seg_id": "2_26", "start_lat": -67.07143, "start_lon": -6.85714, "end_lat": -67.53571, "end_lon": -6.92857, "center_lat": -67.30357, "center_lon": -6.89286, "length_km": 51.76, "risk_level": "unknown", "ice_concentration": 0.0, "iceberg_proximity_km": null}, {"seg_id": "2_27", "start_lat": -67.53571, "start_lon": -6.92857, "end_lat": -68.0, "end_lon": -7.0, "center_lat": -67.76786, "center_lon": -6.96429, "length_km": 51.76, "risk_level": "unknown", "ice_concentration": 0.0, "iceberg_proximity_km": null}, {"seg_id": "3_0", "start_lat": -68.0, "start_lon": -7.0, "end_lat": -68.53, "end_lon": -7.254, "center_lat": -68.265, "center_lon": -7.127, "length_km": 59.77, "risk_level": "unknown", "ice_concentration": 0.0, "iceberg_proximity_km": null}, {"seg_id": "3_1", "start_lat": -68.53, "start_lon": -7.254, "end_lat": -69.06, "end_lon": -7.508, "center_lat": -68.795, "center_lon": -7.381, "length_km": 59.77, "risk_level": "unknown", "ice_concentration": 0.0, "iceberg_proximity_km": null}, {"seg_id": "3_2", "start_lat": -69.06, "start_lon": -7.508, "end_lat": -69.59, "end_lon": -7.762, "center_lat": -69.325, "center_lon": -7.635, "length_km": 59.77, "risk_level": "unknown", "ice_concentration": 0.0, "iceberg_proximity_km": null}, {"seg_id": "3_3", "start_lat": -69.59, "start_lon": -7.762, "end_lat": -70.12, "end_lon": -8.016, "center_lat": -69.855, "center_lon": -7.889, "length_km": 59.77, "risk_level": "unknown", "ice_concentration": 0.0, "iceberg_proximity_km": null}, {"seg_id": "3_4", "start_lat": -70.12, "start_lon": -8.016, "end_lat": -70.65, "end_lon": -8.27, "center_lat": -70.385, "center_lon": -8.143, "length_km": 59.77, "risk_level": "unknown", "ice_concentration": 0.0, "iceberg_proximity_km": null}]}, {"type": "Feature", "id": "route_ct_maitri", "properties": {"name": "Cape Town \u2192 Maitri Station", "route_id": "route_ct_maitri", "route_type": "supply", "distance_km": 4500, "typical_vessel": "research", "segment_count": 82}, "geometry": {"type": "LineString", "coordinates": [[18.42, -33.93], [20.0, -40.0], [18.0, -52.0], [10.0, -62.0], [11.73, -70.77]]}, "segments": [{"seg_id": "0_0", "start_lat": -33.93, "start_lon": 18.42, "end_lat": -34.39692, "end_lon": 18.54154, "center_lat": -34.16346, "center_lon": 18.48077, "length_km": 53.03, "risk_level": "unknown", "ice_concentration": 0.0, "iceberg_proximity_km": null}, {"seg_id": "0_1", "start_lat": -34.39692, "start_lon": 18.54154, "end_lat": -34.86385, "end_lon": 18.66308, "center_lat": -34.63038, "center_lon": 18.60231, "length_km": 53.03, "risk_level": "unknown", "ice_concentration": 0.0, "iceberg_proximity_km": null}, {"seg_id": "0_2", "start_lat": -34.86385, "start_lon": 18.66308, "end_lat": -35.33077, "end_lon": 18.78462, "center_lat": -35.09731, "center_lon": 18.72385, "length_km": 53.03, "risk_level": "unknown", "ice_concentration": 0.0, "iceberg_proximity_km": null}, {"seg_id": "0_3", "start_lat": -35.33077, "start_lon": 18.78462, "end_lat": -35.79769, "end_lon": 18.90615, "center_lat": -35.56423, "center_lon": 18.84538, "length_km": 53.03, "risk_level": "unknown", "ice_concentration": 0.0, "iceberg_proximity_km": null}, {"seg_id": "0_4", "start_lat": -35.79769, "start_lon": 18.90615, "end_lat": -36.26462, "end_lon": 19.02769, "center_lat": -36.03115, "center_lon": 18.96692, "length_km": 53.03, "risk_level": "unknown", "ice_concentration": 0.0, "iceberg_proximity_km": null}, {"seg_id": "0_5", "start_lat": -36.26462, "start_lon": 19.02769, "end_lat": -36.73154, "end_lon": 19.14923, "center_lat": -36.49808, "center_lon": 19.08846, "length_km": 53.03, "risk_level": "unknown", "ice_concentration": 0.0, "iceberg_proximity_km": null}, {"seg_id": "0_6", "start_lat": -36.73154, "start_lon": 19.14923, "end_lat": -37.19846, "end_lon": 19.27077, "center_lat": -36.965, "center_lon": 19.21, "length_km": 53.03, "risk_level": "unknown", "ice_concentration": 0.0, "iceberg_proximity_km": null}, {"seg_id": "0_7", "start_lat": -37.19846, "start_lon": 19.27077, "end_lat": -37.66538, "end_lon": 19.39231, "center_lat": -37.43192, "center_lon": 19.33154, "length_km": 53.03, "risk_level": "unknown", "ice_concentration": 0.0, "iceberg_proximity_km": null}, {"seg_id": "0_8", "start_lat": -37.66538, "start_lon": 19.39231, "end_lat": -38.13231, "end_lon": 19.51385, "center_lat": -37.89885, "center_lon": 19.45308, "length_km": 53.03, "risk_level": "unknown", "ice_concentration": 0.0, "iceberg_proximity_km": null}, {"seg_id": "0_9", "start_lat": -38.13231, "start_lon": 19.51385, "end_lat": -38.59923, "end_lon": 19.63538, "center_lat": -38.36577, "center_lon": 19.57462, "length_km": 53.03, "risk_level": "unknown", "ice_concentration": 0.0, "iceberg_proximity_km": null}, {"seg_id": "0_10", "start_lat": -38.59923, "start_lon": 19.63538, "end_lat": -39.06615, "end_lon": 19.75692, "center_lat": -38.83269, "center_lon": 19.69615, "length_km": 53.03, "risk_level": "unknown", "ice_concentration": 0.0, "iceberg_proximity_km": null}, {"seg_id": "0_11", "start_lat": -39.06615, "start_lon": 19.75692, "end_lat": -39.53308, "end_lon": 19.87846, "center_lat": -39.29962, "center_lon": 19.81769, "length_km": 53.03, "risk_level": "unknown", "ice_concentration": 0.0, "iceberg_proximity_km": null}, {"seg_id": "0_12", "start_lat": -39.53308, "start_lon": 19.87846, "end_lat": -40.0, "end_lon": 20.0, "center_lat": -39.76654, "center_lon": 19.93923, "length_km": 53.03, "risk_level": "unknown", "ice_concentration": 0.0, "iceberg_proximity_km": null}, {"seg_id": "1_0", "start_lat": -40.0, "start_lon": 20.0, "end_lat": -40.46154, "end_lon": 19.92308, "center_lat": -40.23077, "center_lon": 19.96154, "length_km": 51.66, "risk_level": "unknown", "ice_concentration": 0.0, "iceberg_proximity_km": null}, {"seg_id": "1_1", "start_lat": -40.46154, "start_lon": 19.92308, "end_lat": -40.92308, "end_lon": 19.84615, "center_lat": -40.69231, "center_lon": 19.88462, "length_km": 51.66, "risk_level": "unknown", "ice_concentration": 0.0, "iceberg_proximity_km": null}, {"seg_id": "1_2", "start_lat": -40.92308, "start_lon": 19.84615, "end_lat": -41.38462, "end_lon": 19.76923, "center_lat": -41.15385, "center_lon": 19.80769, "length_km": 51.66, "risk_level": "unknown", "ice_concentration": 0.0, "iceberg_proximity_km": null}, {"seg_id": "1_3", "start_lat": -41.38462, "start_lon": 19.76923, "end_lat": -41.84615, "end_lon": 19.69231, "center_lat": -41.61538, "center_lon": 19.73077, "length_km": 51.66, "risk_level": "unknown", "ice_concentration": 0.0, "iceberg_proximity_km": null}, {"seg_id": "1_4", "start_lat": -41.84615, "start_lon": 19.69231, "end_lat": -42.30769, "end_lon": 19.61538, "center_lat": -42.07692, "center_lon": 19.65385, "length_km": 51.66, "risk_level": "unknown", "ice_concentration": 0.0, "iceberg_proximity_km": null}, {"seg_id": "1_5", "start_lat": -42.30769, "start_lon": 19.61538, "end_lat": -42.76923, "end_lon": 19.53846, "center_lat": -42.53846, "center_lon": 19.57692, "length_km": 51.66, "risk_level": "unknown", "ice_concentration": 0.0, "iceberg_proximity_km": null}, {"seg_id": "1_6", "start_lat": -42.76923, "start_lon": 19.53846, "end_lat": -43.23077, "end_lon": 19.46154, "center_lat": -43.0, "center_lon": 19.5, "length_km": 51.66, "risk_level": "unknown", "ice_concentration": 0.0, "iceberg_proximity_km": null}, {"seg_id": "1_7", "start_lat": -43.23077, "start_lon": 19.46154, "end_lat": -43.69231, "end_lon": 19.38462, "center_lat": -43.46154, "center_lon": 19.42308, "length_km": 51.66, "risk_level": "unknown", "ice_concentration": 0.0, "iceberg_proximity_km": null}, {"seg_id": "1_8", "start_lat": -43.69231, "start_lon": 19.38462, "end_lat": -44.15385, "end_lon": 19.30769, "center_lat": -43.92308, "center_lon": 19.34615, "length_km": 51.66, "risk_level": "unknown", "ice_concentration": 0.0, "iceberg_proximity_km": null}, {"seg_id": "1_9", "start_lat": -44.15385, "start_lon": 19.30769, "end_lat": -44.61538, "end_lon": 19.23077, "center_lat": -44.38462, "center_lon": 19.26923, "length_km": 51.66, "risk_level": "unknown", "ice_concentration": 0.0, "iceberg_proximity_km": null}, {"seg_id": "1_10", "start_lat": -44.61538, "start_lon": 19.23077, "end_lat": -45.07692, "end_lon": 19.15385, "center_lat": -44.84615, "center_lon": 19.19231, "length_km": 51.66, "risk_level": "unknown", "ice_concentration": 0.0, "iceberg_proximity_km": null}, {"seg_id": "1_11", "start_lat": -45.07692, "start_lon": 19.15385, "end_lat": -45.53846, "end_lon": 19.07692, "center_lat": -45.30769, "center_lon": 19.11538, "length_km": 51.66, "risk_level": "unknown", "ice_concentration": 0.0, "iceberg_proximity_km": null}, {"seg_id": "1_12", "start_lat": -45.53846, "start_lon": 19.07692, "end_lat": -46.0, "end_lon": 19.0, "center_lat": -45.76923, "center_lon": 19.03846, "length_km": 51.66, "risk_level": "unknown", "ice_concentration": 0.0, "iceberg_proximity_km": null}, {"seg_id": "1_13", "start_lat": -46.0, "start_lon": 19.0, "end_lat": -46.46154, "end_lon": 18.92308, "center_lat": -46.23077, "center_lon": 18.96154, "length_km": 51.66, "risk_level": "unknown", "ice_concentration": 0.0, "iceberg_proximity_km": null}, {"seg_id": "1_14", "start_lat": -46.46154, "start_lon": 18.92308, "end_lat": -46.92308, "end_lon": 18.84615, "center_lat": -46.69231, "center_lon": 18.88462, "length_km": 51.66, "risk_level": "unknown", "ice_concentration": 0.0, "iceberg_proximity_km": null}, {"seg_id": "1_15", "start_lat": -46.92308, "start_lon": 18.84615, "end_lat": -47.38462, "end_lon": 18.76923, "center_lat": -47.15385, "center_lon": 18.80769, "length_km": 51.66, "risk_level": "unknown", "ice_concentration": 0.0, "iceberg_proximity_km": null}, {"seg_id": "1_16", "start_lat": -47.38462, "start_lon": 18.76923, "end_lat": -47.84615, "end_lon": 18.69231, "center_lat": -47.61538, "center_lon": 18.73077, "length_km": 51.66, "risk_level": "unknown", "ice_concentration": 0.0, "iceberg_proximity_km": null}, {"seg_id": "1_17", "start_lat": -47.84615, "start_lon": 18.69231, "end_lat": -48.30769, "end_lon": 18.61538, "center_lat": -48.07692, "center_lon": 18.65385, "length_km": 51.66, "risk_level": "unknown", "ice_concentration": 0.0, "iceberg_proximity_km": null}, {"seg_id": "1_18", "start_lat": -48.30769, "start_lon": 18.61538, "end_lat": -48.76923, "end_lon": 18.53846, "center_lat": -48.53846, "center_lon": 18.57692, "length_km": 51.66, "risk_level": "unknown", "ice_concentration": 0.0, "iceberg_proximity_km": null}, {"seg_id": "1_19", "start_lat": -48.76923, "start_lon": 18.53846, "end_lat": -49.23077, "end_lon": 18.46154, "center_lat": -49.0, "center_lon": 18.5, "length_km": 51.66, "risk_level": "unknown", "ice_concentration": 0.0, "iceberg_proximity_km": null}, {"seg_id": "1_20", "start_lat": -49.23077, "start_lon": 18.46154, "end_lat": -49.69231, "end_lon": 18.38462, "center_lat": -49.46154, "center_lon": 18.42308, "length_km": 51.66, "risk_level": "unknown", "ice_concentration": 0.0, "iceberg_proximity_km": null}, {"seg_id": "1_21", "start_lat": -49.69231, "start_lon": 18.38462, "end_lat": -50.15385, "end_lon": 18.30769, "center_lat": -49.92308, "center_lon": 18.34615, "length_km": 51.66, "risk_level": "unknown", "ice_concentration": 0.0, "iceberg_proximity_km": null}, {"seg_id": "1_22", "start_lat": -50.15385, "start_lon": 18.30769, "end_lat": -50.61538, "end_lon": 18.23077, "center_lat": -50.38462, "center_lon": 18.26923, "length_km": 51.66, "risk_level": "unknown", "ice_concentration": 0.0, "iceberg_proximity_km": null}, {"seg_id": "1_23", "start_lat": -50.61538, "start_lon": 18.23077, "end_lat": -51.07692, "end_lon": 18.15385, "center_lat": -50.84615, "center_lon": 18.19231, "length_km": 51.66, "risk_level": "unknown", "ice_concentration": 0.0, "iceberg_proximity_km": null}, {"seg_id": "1_24", "start_lat": -51.07692, "start_lon": 18.15385, "end_lat": -51.53846, "end_lon": 18.07692, "center_lat": -51.30769, "center_lon": 18.11538, "length_km": 51.66, "risk_level": "unknown", "ice_concentration": 0.0, "iceberg_proximity_km": null}, {"seg_id": "1_25", "start_lat": -51.53846, "start_lon": 18.07692, "end_lat": -52.0, "end_lon": 18.0, "center_lat": -51.76923, "center_lon": 18.03846, "length_km": 51.66, "risk_level": "unknown", "ice_concentration": 0.0, "iceberg_proximity_km": null}, {"seg_id": "2_0", "start_lat": -52.0, "start_lon": 18.0, "end_lat": -52.41667, "end_lon": 17.66667, "center_lat": -52.20833, "center_lon": 17.83333, "length_km": 50.45, "risk_level": "unknown", "ice_concentration": 0.0, "iceberg_proximity_km": null}, {"seg_id": "2_1", "start_lat": -52.41667, "start_lon": 17.66667, "end_lat": -52.83333, "end_lon": 17.33333, "center_lat": -52.625, "center_lon": 17.5, "length_km": 50.45, "risk_level": "unknown", "ice_concentration": 0.0, "iceberg_proximity_km": null}, {"seg_id": "2_2", "start_lat": -52.83333, "start_lon": 17.33333, "end_lat": -53.25, "end_lon": 17.0, "center_lat": -53.04167, "center_lon": 17.16667, "length_km": 50.45, "risk_level": "unknown", "ice_concentration": 0.0, "iceberg_proximity_km": null}, {"seg_id": "2_3", "start_lat": -53.25, "start_lon": 17.0, "end_lat": -53.66667, "end_lon": 16.66667, "center_lat": -53.45833, "center_lon": 16.83333, "length_km": 50.45, "risk_level": "unknown", "ice_concentration": 0.0, "iceberg_proximity_km": null}, {"seg_id": "2_4", "start_lat": -53.66667, "start_lon": 16.66667, "end_lat": -54.08333, "end_lon": 16.33333, "center_lat": -53.875, "center_lon": 16.5, "length_km": 50.45, "risk_level": "unknown", "ice_concentration": 0.0, "iceberg_proximity_km": null}, {"seg_id": "2_5", "start_lat": -54.08333, "start_lon": 16.33333, "end_lat": -54.5, "end_lon": 16.0, "center_lat": -54.29167, "center_lon": 16.16667, "length_km": 50.45, "risk_level": "unknown", "ice_concentration": 0.0, "iceberg_proximity_km": null}, {"seg_id": "2_6", "start_lat": -54.5, "start_lon": 16.0, "end_lat": -54.91667, "end_lon": 15.66667, "center_lat": -54.70833, "center_lon": 15.83333, "length_km": 50.45, "risk_level": "unknown", "ice_concentration": 0.0, "iceberg_proximity_km": null}, {"seg_id": "2_7", "start_lat": -54.91667, "start_lon": 15.66667, "end_lat": -55.33333, "end_lon": 15.33333, "center_lat": -55.125, "center_lon": 15.5, "length_km": 50.45, "risk_level": "unknown", "ice_concentration": 0.0, "iceberg_proximity_km": null}, {"seg_id": "2_8", "start_lat": -55.33333, "start_lon": 15.33333, "end_lat": -55.75, "end_lon": 15.0, "center_lat": -55.54167, "center_lon": 15.16667, "length_km": 50.45, "risk_level": "unknown", "ice_concentration": 0.0, "iceberg_proximity_km": null}, {"seg_id": "2_9", "start_lat": -55.75, "start_lon": 15.0, "end_lat": -56.16667, "end_lon": 14.66667, "center_lat": -55.95833, "center_lon": 14.83333, "length_km": 50.45, "risk_level": "unknown", "ice_concentration": 0.0, "iceberg_proximity_km": null}, {"seg_id": "2_10", "start_lat": -56.16667, "start_lon": 14.66667, "end_lat": -56.58333, "end_lon": 14.33333, "center_lat": -56.375, "center_lon": 14.5, "length_km": 50.45, "risk_level": "unknown", "ice_concentration": 0.0, "iceberg_proximity_km": null}, {"seg_id": "2_11", "start_lat": -56.58333, "start_lon": 14.33333, "end_lat": -57.0, "end_lon": 14.0, "center_lat": -56.79167, "center_lon": 14.16667, "length_km": 50.45, "risk_level": "unknown", "ice_concentration": 0.0, "iceberg_proximity_km": null}, {"seg_id": "2_12", "start_lat": -57.0, "start_lon": 14.0, "end_lat": -57.41667, "end_lon": 13.66667, "center_lat": -57.20833, "center_lon": 13.83333, "length_km": 50.45, "risk_level": "unknown", "ice_concentration": 0.0, "iceberg_proximity_km": null}, {"seg_id": "2_13", "start_lat": -57.41667, "start_lon": 13.66667, "end_lat": -57.83333, "end_lon": 13.33333, "center_lat": -57.625, "center_lon": 13.5, "length_km": 50.45, "risk_level": "unknown", "ice_concentration": 0.0, "iceberg_proximity_km": null}, {"seg_id": "2_14", "start_lat": -57.83333, "start_lon": 13.33333, "end_lat": -58.25, "end_lon": 13.0, "center_lat": -58.04167, "center_lon": 13.16667, "length_km": 50.45, "risk_level": "unknown", "ice_concentration": 0.0, "iceberg_proximity_km": null}, {"seg_id": "2_15", "start_lat": -58.25, "start_lon": 13.0, "end_lat": -58.66667, "end_lon": 12.66667, "center_lat": -58.45833, "center_lon": 12.83333, "length_km": 50.45, "risk_level": "unknown", "ice_concentration": 0.0, "iceberg_proximity_km": null}, {"seg_id": "2_16", "start_lat": -58.66667, "start_lon": 12.66667, "end_lat": -59.08333, "end_lon": 12.33333, "center_lat": -58.875, "center_lon": 12.5, "length_km": 50.45, "risk_level": "unknown", "ice_concentration": 0.0, "iceberg_proximity_km": null}, {"seg_id": "2_17", "start_lat": -59.08333, "start_lon": 12.33333, "end_lat": -59.5, "end_lon": 12.0, "center_lat": -59.29167, "center_lon": 12.16667, "length_km": 50.45, "risk_level": "unknown", "ice_concentration": 0.0, "iceberg_proximity_km": null}, {"seg_id": "2_18", "start_lat": -59.5, "start_lon": 12.0, "end_lat": -59.91667, "end_lon": 11.66667, "center_lat": -59.70833, "center_lon": 11.83333, "length_km": 50.45, "risk_level": "unknown", "ice_concentration": 0.0, "iceberg_proximity_km": null}, {"seg_id": "2_19", "start_lat": -59.91667, "start_lon": 11.66667, "end_lat": -60.33333, "end_lon": 11.33333, "center_lat": -60.125, "center_lon": 11.5, "length_km": 50.45, "risk_level": "unknown", "ice_concentration": 0.0, "iceberg_proximity_km": null}, {"seg_id": "2_20", "start_lat": -60.33333, "start_lon": 11.33333, "end_lat": -60.75, "end_lon": 11.0, "center_lat": -60.54167, "center_lon": 11.16667, "length_km": 50.45, "risk_level": "unknown", "ice_concentration": 0.0, "iceberg_proximity_km": null}, {"seg_id": "2_21", "start_lat": -60.75, "start_lon": 11.0, "end_lat": -61.16667, "end_lon": 10.66667, "center_lat": -60.95833, "center_lon": 10.83333, "length_km": 50.45, "risk_level": "unknown", "ice_concentration": 0.0, "iceberg_proximity_km": null}, {"seg_id": "2_22", "start_lat": -61.16667, "start_lon": 10.66667, "end_lat": -61.58333, "end_lon": 10.33333, "center_lat": -61.375, "center_lon": 10.5, "length_km": 50.45, "risk_level": "unknown", "ice_concentration": 0.0, "iceberg_proximity_km": null}, {"seg_id": "2_23", "start_lat": -61.58333, "start_lon": 10.33333, "end_lat": -62.0, "end_lon": 10.0, "center_lat": -61.79167, "center_lon": 10.16667, "length_km": 50.45, "risk_level": "unknown", "ice_concentration": 0.0, "iceberg_proximity_km": null}, {"seg_id": "3_0", "start_lat": -62.0, "start_lon": 10.0, "end_lat": -62.46158, "end_lon": 10.09105, "center_lat": -62.23079, "center_lon": 10.04553, "length_km": 51.48, "risk_level": "unknown", "ice_concentration": 0.0, "iceberg_proximity_km": null}, {"seg_id": "3_1", "start_lat": -62.46158, "start_lon": 10.09105, "end_lat": -62.92316, "end_lon": 10.18211, "center_lat": -62.69237, "center_lon": 10.13658, "length_km": 51.48, "risk_level": "unknown", "ice_concentration": 0.0, "iceberg_proximity_km": null}, {"seg_id": "3_2", "start_lat": -62.92316, "start_lon": 10.18211, "end_lat": -63.38474, "end_lon": 10.27316, "center_lat": -63.15395, "center_lon": 10.22763, "length_km": 51.48, "risk_level": "unknown", "ice_concentration": 0.0, "iceberg_proximity_km": null}, {"seg_id": "3_3", "start_lat": -63.38474, "start_lon": 10.27316, "end_lat": -63.84632, "end_lon": 10.36421, "center_lat": -63.61553, "center_lon": 10.31868, "length_km": 51.48, "risk_level": "unknown", "ice_concentration": 0.0, "iceberg_proximity_km": null}, {"seg_id": "3_4", "start_lat": -63.84632, "start_lon": 10.36421, "end_lat": -64.30789, "end_lon": 10.45526, "center_lat": -64.07711, "center_lon": 10.40974, "length_km": 51.48, "risk_level": "unknown", "ice_concentration": 0.0, "iceberg_proximity_km": null}, {"seg_id": "3_5", "start_lat": -64.30789, "start_lon": 10.45526, "end_lat": -64.76947, "end_lon": 10.54632, "center_lat": -64.53868, "center_lon": 10.50079, "length_km": 51.48, "risk_level": "unknown", "ice_concentration": 0.0, "iceberg_proximity_km": null}, {"seg_id": "3_6", "start_lat": -64.76947, "start_lon": 10.54632, "end_lat": -65.23105, "end_lon": 10.63737, "center_lat": -65.00026, "center_lon": 10.59184, "length_km": 51.48, "risk_level": "unknown", "ice_concentration": 0.0, "iceberg_proximity_km": null}, {"seg_id": "3_7", "start_lat": -65.23105, "start_lon": 10.63737, "end_lat": -65.69263, "end_lon": 10.72842, "center_lat": -65.46184, "center_lon": 10.68289, "length_km": 51.48, "risk_level": "unknown", "ice_concentration": 0.0, "iceberg_proximity_km": null}, {"seg_id": "3_8", "start_lat": -65.69263, "start_lon": 10.72842, "end_lat": -66.15421, "end_lon": 10.81947, "center_lat": -65.92342, "center_lon": 10.77395, "length_km": 51.48, "risk_level": "unknown", "ice_concentration": 0.0, "iceberg_proximity_km": null}, {"seg_id": "3_9", "start_lat": -66.15421, "start_lon": 10.81947, "end_lat": -66.61579, "end_lon": 10.91053, "center_lat": -66.385, "center_lon": 10.865, "length_km": 51.48, "risk_level": "unknown", "ice_concentration": 0.0, "iceberg_proximity_km": null}, {"seg_id": "3_10", "start_lat": -66.61579, "start_lon": 10.91053, "end_lat": -67.07737, "end_lon": 11.00158, "center_lat": -66.84658, "center_lon": 10.95605, "length_km": 51.48, "risk_level": "unknown", "ice_concentration": 0.0, "iceberg_proximity_km": null}, {"seg_id": "3_11", "start_lat": -67.07737, "start_lon": 11.00158, "end_lat": -67.53895, "end_lon": 11.09263, "center_lat": -67.30816, "center_lon": 11.04711, "length_km": 51.48, "risk_level": "unknown", "ice_concentration": 0.0, "iceberg_proximity_km": null}, {"seg_id": "3_12", "start_lat": -67.53895, "start_lon": 11.09263, "end_lat": -68.00053, "end_lon": 11.18368, "center_lat": -67.76974, "center_lon": 11.13816, "length_km": 51.48, "risk_level": "unknown", "ice_concentration": 0.0, "iceberg_proximity_km": null}, {"seg_id": "3_13", "start_lat": -68.00053, "start_lon": 11.18368, "end_lat": -68.46211, "end_lon": 11.27474, "center_lat": -68.23132, "center_lon": 11.22921, "length_km": 51.48, "risk_level": "unknown", "ice_concentration": 0.0, "iceberg_proximity_km": null}, {"seg_id": "3_14", "start_lat": -68.46211, "start_lon": 11.27474, "end_lat": -68.92368, "end_lon": 11.36579, "center_lat": -68.69289, "center_lon": 11.32026, "length_km": 51.48, "risk_level": "unknown", "ice_concentration": 0.0, "iceberg_proximity_km": null}, {"seg_id": "3_15", "start_lat": -68.92368, "start_lon": 11.36579, "end_lat": -69.38526, "end_lon": 11.45684, "center_lat": -69.15447, "center_lon": 11.41132, "length_km": 51.48, "risk_level": "unknown", "ice_concentration": 0.0, "iceberg_proximity_km": null}, {"seg_id": "3_16", "start_lat": -69.38526, "start_lon": 11.45684, "end_lat": -69.84684, "end_lon": 11.54789, "center_lat": -69.61605, "center_lon": 11.50237, "length_km": 51.48, "risk_level": "unknown", "ice_concentration": 0.0, "iceberg_proximity_km": null}, {"seg_id": "3_17", "start_lat": -69.84684, "start_lon": 11.54789, "end_lat": -70.30842, "end_lon": 11.63895, "center_lat": -70.07763, "center_lon": 11.59342, "length_km": 51.48, "risk_level": "unknown", "ice_concentration": 0.0, "iceberg_proximity_km": null}, {"seg_id": "3_18", "start_lat": -70.30842, "start_lon": 11.63895, "end_lat": -70.77, "end_lon": 11.73, "center_lat": -70.53921, "center_lon": 11.68447, "length_km": 51.48, "risk_level": "unknown", "ice_concentration": 0.0, "iceberg_proximity_km": null}]}, {"type": "Feature", "id": "route_ct_bharati", "properties": {"name": "Cape Town \u2192 Bharati Station", "route_id": "route_ct_bharati", "route_type": "supply", "distance_km": 5800, "typical_vessel": "icebreaker", "segment_count": 109}, "geometry": {"type": "LineString", "coordinates": [[18.42, -33.93], [30.0, -45.0], [50.0, -55.0], [70.0, -65.0], [76.19, -69.41]]}, "segments": [{"seg_id": "0_0", "start_lat": -33.93, "start_lon": 18.42, "end_lat": -34.2871, "end_lon": 18.79355, "center_lat": -34.10855, "center_lon": 18.60677, "length_km": 50.93, "risk_level": "unknown", "ice_concentration": 0.0, "iceberg_proximity_km": null}, {"seg_id": "0_1", "start_lat": -34.2871, "start_lon": 18.79355, "end_lat": -34.64419, "end_lon": 19.1671, "center_lat": -34.46565, "center_lon": 18.98032, "length_km": 50.93, "risk_level": "unknown", "ice_concentration": 0.0, "iceberg_proximity_km": null}, {"seg_id": "0_2", "start_lat": -34.64419, "start_lon": 19.1671, "end_lat": -35.00129, "end_lon": 19.54065, "center_lat": -34.82274, "center_lon": 19.35387, "length_km": 50.93, "risk_level": "unknown", "ice_concentration": 0.0, "iceberg_proximity_km": null}, {"seg_id": "0_3", "start_lat": -35.00129, "start_lon": 19.54065, "end_lat": -35.35839, "end_lon": 19.91419, "center_lat": -35.17984, "center_lon": 19.72742, "length_km": 50.93, "risk_level": "unknown", "ice_concentration": 0.0, "iceberg_proximity_km": null}, {"seg_id": "0_4", "start_lat": -35.35839, "start_lon": 19.91419, "end_lat": -35.71548, "end_lon": 20.28774, "center_lat": -35.53694, "center_lon": 20.10097, "length_km": 50.93, "risk_level": "unknown", "ice_concentration": 0.0, "iceberg_proximity_km": null}, {"seg_id": "0_5", "start_lat": -35.71548, "start_lon": 20.28774, "end_lat": -36.07258, "end_lon": 20.66129, "center_lat": -35.89403, "center_lon": 20.47452, "length_km": 50.93, "risk_level": "unknown", "ice_concentration": 0.0, "iceberg_proximity_km": null}, {"seg_id": "0_6", "start_lat": -36.07258, "start_lon": 20.66129, "end_lat": -36.42968, "end_lon": 21.03484, "center_lat": -36.25113, "center_lon": 20.84806, "length_km": 50.93, "risk_level": "unknown", "ice_concentration": 0.0, "iceberg_proximity_km": null}, {"seg_id": "0_7", "start_lat": -36.42968, "start_lon": 21.03484, "end_lat": -36.78677, "end_lon": 21.40839, "center_lat": -36.60823, "center_lon": 21.22161, "length_km": 50.93, "risk_level": "unknown", "ice_concentration": 0.0, "iceberg_proximity_km": null}, {"seg_id": "0_8", "start_lat": -36.78677, "start_lon": 21.40839, "end_lat": -37.14387, "end_lon": 21.78194, "center_lat": -36.96532, "center_lon": 21.59516, "length_km": 50.93, "risk_level": "unknown", "ice_concentration": 0.0, "iceberg_proximity_km": null}, {"seg_id": "0_9", "start_lat": -37.14387, "start_lon": 21.78194, "end_lat": -37.50097, "end_lon": 22.15548, "center_lat": -37.32242, "center_lon": 21.96871, "length_km": 50.93, "risk_level": "unknown", "ice_concentration": 0.0, "iceberg_proximity_km": null}, {"seg_id": "0_10", "start_lat": -37.50097, "start_lon": 22.15548, "end_lat": -37.85806, "end_lon": 22.52903, "center_lat": -37.67952, "center_lon": 22.34226, "length_km": 50.93, "risk_level": "unknown", "ice_concentration": 0.0, "iceberg_proximity_km": null}, {"seg_id": "0_11", "start_lat": -37.85806, "start_lon": 22.52903, "end_lat": -38.21516, "end_lon": 22.90258, "center_lat": -38.03661, "center_lon": 22.71581, "length_km": 50.93, "risk_level": "unknown", "ice_concentration": 0.0, "iceberg_proximity_km": null}, {"seg_id": "0_12", "start_lat": -38.21516, "start_lon": 22.90258, "end_lat": -38.57226, "end_lon": 23.27613, "center_lat": -38.39371, "center_lon": 23.08935, "length_km": 50.93, "risk_level": "unknown", "ice_concentration": 0.0, "iceberg_proximity_km": null}, {"seg_id": "0_13", "start_lat": -38.57226, "start_lon": 23.27613, "end_lat": -38.92935, "end_lon": 23.64968, "center_lat": -38.75081, "center_lon": 23.4629, "length_km": 50.93, "risk_level": "unknown", "ice_concentration": 0.0, "iceberg_proximity_km": null}, {"seg_id": "0_14", "start_lat": -38.92935, "start_lon": 23.64968, "end_lat": -39.28645, "end_lon": 24.02323, "center_lat": -39.1079, "center_lon": 23.83645, "length_km": 50.93, "risk_level": "unknown", "ice_concentration": 0.0, "iceberg_proximity_km": null}, {"seg_id": "0_15", "start_lat": -39.28645, "start_lon": 24.02323, "end_lat": -39.64355, "end_lon": 24.39677, "center_lat": -39.465, "center_lon": 24.21, "length_km": 50.93, "risk_level": "unknown", "ice_concentration": 0.0, "iceberg_proximity_km": null}, {"seg_id": "0_16", "start_lat": -39.64355, "start_lon": 24.39677, "end_lat": -40.00065, "end_lon": 24.77032, "center_lat": -39.8221, "center_lon": 24.58355, "length_km": 50.93, "risk_level": "unknown", "ice_concentration": 0.0, "iceberg_proximity_km": null}, {"seg_id": "0_17", "start_lat": -40.00065, "start_lon": 24.77032, "end_lat": -40.35774, "end_lon": 25.14387, "center_lat": -40.17919, "center_lon": 24.9571, "length_km": 50.93, "risk_level": "unknown", "ice_concentration": 0.0, "iceberg_proximity_km": null}, {"seg_id": "0_18", "start_lat": -40.35774, "start_lon": 25.14387, "end_lat": -40.71484, "end_lon": 25.51742, "center_lat": -40.53629, "center_lon": 25.33065, "length_km": 50.93, "risk_level": "unknown", "ice_concentration": 0.0, "iceberg_proximity_km": null}, {"seg_id": "0_19", "start_lat": -40.71484, "start_lon": 25.51742, "end_lat": -41.07194, "end_lon": 25.89097, "center_lat": -40.89339, "center_lon": 25.70419, "length_km": 50.93, "risk_level": "unknown", "ice_concentration": 0.0, "iceberg_proximity_km": null}, {"seg_id": "0_20", "start_lat": -41.07194, "start_lon": 25.89097, "end_lat": -41.42903, "end_lon": 26.26452, "center_lat": -41.25048, "center_lon": 26.07774, "length_km": 50.93, "risk_level": "unknown", "ice_concentration": 0.0, "iceberg_proximity_km": null}, {"seg_id": "0_21", "start_lat": -41.42903, "start_lon": 26.26452, "end_lat": -41.78613, "end_lon": 26.63806, "center_lat": -41.60758, "center_lon": 26.45129, "length_km": 50.93, "risk_level": "unknown", "ice_concentration": 0.0, "iceberg_proximity_km": null}, {"seg_id": "0_22", "start_lat": -41.78613, "start_lon": 26.63806, "end_lat": -42.14323, "end_lon": 27.01161, "center_lat": -41.96468, "center_lon": 26.82484, "length_km": 50.93, "risk_level": "unknown", "ice_concentration": 0.0, "iceberg_proximity_km": null}, {"seg_id": "0_23", "start_lat": -42.14323, "start_lon": 27.01161, "end_lat": -42.50032, "end_lon": 27.38516, "center_lat": -42.32177, "center_lon": 27.19839, "length_km": 50.93, "risk_level": "unknown", "ice_concentration": 0.0, "iceberg_proximity_km": null}, {"seg_id": "0_24", "start_lat": -42.50032, "start_lon": 27.38516, "end_lat": -42.85742, "end_lon": 27.75871, "center_lat": -42.67887, "center_lon": 27.57194, "length_km": 50.93, "risk_level": "unknown", "ice_concentration": 0.0, "iceberg_proximity_km": null}, {"seg_id": "0_25", "start_lat": -42.85742, "start_lon": 27.75871, "end_lat": -43.21452, "end_lon": 28.13226, "center_lat": -43.03597, "center_lon": 27.94548, "length_km": 50.93, "risk_level": "unknown", "ice_concentration": 0.0, "iceberg_proximity_km": null}, {"seg_id": "0_26", "start_lat": -43.21452, "start_lon": 28.13226, "end_lat": -43.57161, "end_lon": 28.50581, "center_lat": -43.39306, "center_lon": 28.31903, "length_km": 50.93, "risk_level": "unknown", "ice_concentration": 0.0, "iceberg_proximity_km": null}, {"seg_id": "0_27", "start_lat": -43.57161, "start_lon": 28.50581, "end_lat": -43.92871, "end_lon": 28.87935, "center_lat": -43.75016, "center_lon": 28.69258, "length_km": 50.93, "risk_level": "unknown", "ice_concentration": 0.0, "iceberg_proximity_km": null}, {"seg_id": "0_28", "start_lat": -43.92871, "start_lon": 28.87935, "end_lat": -44.28581, "end_lon": 29.2529, "center_lat": -44.10726, "center_lon": 29.06613, "length_km": 50.93, "risk_level": "unknown", "ice_concentration": 0.0, "iceberg_proximity_km": null}, {"seg_id": "0_29", "start_lat": -44.28581, "start_lon": 29.2529, "end_lat": -44.6429, "end_lon": 29.62645, "center_lat": -44.46435, "center_lon": 29.43968, "length_km": 50.93, "risk_level": "unknown", "ice_concentration": 0.0, "iceberg_proximity_km": null}, {"seg_id": "0_30", "start_lat": -44.6429, "start_lon": 29.62645, "end_lat": -45.0, "end_lon": 30.0, "center_lat": -44.82145, "center_lon": 29.81323, "length_km": 50.93, "risk_level": "unknown", "ice_concentration": 0.0, "iceberg_proximity_km": null}, {"seg_id": "1_0", "start_lat": -45.0, "start_lon": 30.0, "end_lat": -45.27778, "end_lon": 30.55556, "center_lat": -45.13889, "center_lon": 30.27778, "length_km": 50.0, "risk_level": "unknown", "ice_concentration": 0.0, "iceberg_proximity_km": null}, {"seg_id": "1_1", "start_lat": -45.27778, "start_lon": 30.55556, "end_lat": -45.55556, "end_lon": 31.11111, "center_lat": -45.41667, "center_lon": 30.83333, "length_km": 50.0, "risk_level": "unknown", "ice_concentration": 0.0, "iceberg_proximity_km": null}, {"seg_id": "1_2", "start_lat": -45.55556, "start_lon": 31.11111, "end_lat": -45.83333, "end_lon": 31.66667, "center_lat": -45.69444, "center_lon": 31.38889, "length_km": 50.0, "risk_level": "unknown", "ice_concentration": 0.0, "iceberg_proximity_km": null}, {"seg_id": "1_3", "start_lat": -45.83333, "start_lon": 31.66667, "end_lat": -46.11111, "end_lon": 32.22222, "center_lat": -45.97222, "center_lon": 31.94444, "length_km": 50.0, "risk_level": "unknown", "ice_concentration": 0.0, "iceberg_proximity_km": null}, {"seg_id": "1_4", "start_lat": -46.11111, "start_lon": 32.22222, "end_lat": -46.38889, "end_lon": 32.77778, "center_lat": -46.25, "center_lon": 32.5, "length_km": 50.0, "risk_level": "unknown", "ice_concentration": 0.0, "iceberg_proximity_km": null}, {"seg_id": "1_5", "start_lat": -46.38889, "start_lon": 32.77778, "end_lat": -46.66667, "end_lon": 33.33333, "center_lat": -46.52778, "center_lon": 33.05556, "length_km": 50.0, "risk_level": "unknown", "ice_concentration": 0.0, "iceberg_proximity_km": null}, {"seg_id": "1_6", "start_lat": -46.66667, "start_lon": 33.33333, "end_lat": -46.94444, "end_lon": 33.88889, "center_lat": -46.80556, "center_lon": 33.61111, "length_km": 50.0, "risk_level": "unknown", "ice_concentration": 0.0, "iceberg_proximity_km": null}, {"seg_id": "1_7", "start_lat": -46.94444, "start_lon": 33.88889, "end_lat": -47.22222, "end_lon": 34.44444, "center_lat": -47.08333, "center_lon": 34.16667, "length_km": 50.0, "risk_level": "unknown", "ice_concentration": 0.0, "iceberg_proximity_km": null}, {"seg_id": "1_8", "start_lat": -47.22222, "start_lon": 34.44444, "end_lat": -47.5, "end_lon": 35.0, "center_lat": -47.36111, "center_lon": 34.72222, "length_km": 50.0, "risk_level": "unknown", "ice_concentration": 0.0, "iceberg_proximity_km": null}, {"seg_id": "1_9", "start_lat": -47.5, "start_lon": 35.0, "end_lat": -47.77778, "end_lon": 35.55556, "center_lat": -47.63889, "center_lon": 35.27778, "length_km": 50.0, "risk_level": "unknown", "ice_concentration": 0.0, "iceberg_proximity_km": null}, {"seg_id": "1_10", "start_lat": -47.77778, "start_lon": 35.55556, "end_lat": -48.05556, "end_lon": 36.11111, "center_lat": -47.91667, "center_lon": 35.83333, "length_km": 50.0, "risk_level": "unknown", "ice_concentration": 0.0, "iceberg_proximity_km": null}, {"seg_id": "1_11", "start_lat": -48.05556, "start_lon": 36.11111, "end_lat": -48.33333, "end_lon": 36.66667, "center_lat": -48.19444, "center_lon": 36.38889, "length_km": 50.0, "risk_level": "unknown", "ice_concentration": 0.0, "iceberg_proximity_km": null}, {"seg_id": "1_12", "start_lat": -48.33333, "start_lon": 36.66667, "end_lat": -48.61111, "end_lon": 37.22222, "center_lat": -48.47222, "center_lon": 36.94444, "length_km": 50.0, "risk_level": "unknown", "ice_concentration": 0.0, "iceberg_proximity_km": null}, {"seg_id": "1_13", "start_lat": -48.61111, "start_lon": 37.22222, "end_lat": -48.88889, "end_lon": 37.77778, "center_lat": -48.75, "center_lon": 37.5, "length_km": 50.0, "risk_level": "unknown", "ice_concentration": 0.0, "iceberg_proximity_km": null}, {"seg_id": "1_14", "start_lat": -48.88889, "start_lon": 37.77778, "end_lat": -49.16667, "end_lon": 38.33333, "center_lat": -49.02778, "center_lon": 38.05556, "length_km": 50.0, "risk_level": "unknown", "ice_concentration": 0.0, "iceberg_proximity_km": null}, {"seg_id": "1_15", "start_lat": -49.16667, "start_lon": 38.33333, "end_lat": -49.44444, "end_lon": 38.88889, "center_lat": -49.30556, "center_lon": 38.61111, "length_km": 50.0, "risk_level": "unknown", "ice_concentration": 0.0, "iceberg_proximity_km": null}, {"seg_id": "1_16", "start_lat": -49.44444, "start_lon": 38.88889, "end_lat": -49.72222, "end_lon": 39.44444, "center_lat": -49.58333, "center_lon": 39.16667, "length_km": 50.0, "risk_level": "unknown", "ice_concentration": 0.0, "iceberg_proximity_km": null}, {"seg_id": "1_17", "start_lat": -49.72222, "start_lon": 39.44444, "end_lat": -50.0, "end_lon": 40.0, "center_lat": -49.86111, "center_lon": 39.72222, "length_km": 50.0, "risk_level": "unknown", "ice_concentration": 0.0, "iceberg_proximity_km": null}, {"seg_id": "1_18", "start_lat": -50.0, "start_lon": 40.0, "end_lat": -50.27778, "end_lon": 40.55556, "center_lat": -50.13889, "center_lon": 40.27778, "length_km": 50.0, "risk_level": "unknown", "ice_concentration": 0.0, "iceberg_proximity_km": null}, {"seg_id": "1_19", "start_lat": -50.27778, "start_lon": 40.55556, "end_lat": -50.55556, "end_lon": 41.11111, "center_lat": -50.41667, "center_lon": 40.83333, "length_km": 50.0, "risk_level": "unknown", "ice_concentration": 0.0, "iceberg_proximity_km": null}, {"seg_id": "1_20", "start_lat": -50.55556, "start_lon": 41.11111, "end_lat": -50.83333, "end_lon": 41.66667, "center_lat": -50.69444, "center_lon": 41.38889, "length_km": 50.0, "risk_level": "unknown", "ice_concentration": 0.0, "iceberg_proximity_km": null}, {"seg_id": "1_21", "start_lat": -50.83333, "start_lon": 41.66667, "end_lat": -51.11111, "end_lon": 42.22222, "center_lat": -50.97222, "center_lon": 41.94444, "length_km": 50.0, "risk_level": "unknown", "ice_concentration": 0.0, "iceberg_proximity_km": null}, {"seg_id": "1_22", "start_lat": -51.11111, "start_lon": 42.22222, "end_lat": -51.38889, "end_lon": 42.77778, "center_lat": -51.25, "center_lon": 42.5, "length_km": 50.0, "risk_level": "unknown", "ice_concentration": 0.0, "iceberg_proximity_km": null}, {"seg_id": "1_23", "start_lat": -51.38889, "start_lon": 42.77778, "end_lat": -51.66667, "end_lon": 43.33333, "center_lat": -51.52778, "center_lon": 43.05556, "length_km": 50.0, "risk_level": "unknown", "ice_concentration": 0.0, "iceberg_proximity_km": null}, {"seg_id": "1_24", "start_lat": -51.66667, "start_lon": 43.33333, "end_lat": -51.94444, "end_lon": 43.88889, "center_lat": -51.80556, "center_lon": 43.61111, "length_km": 50.0, "risk_level": "unknown", "ice_concentration": 0.0, "iceberg_proximity_km": null}, {"seg_id": "1_25", "start_lat": -51.94444, "start_lon": 43.88889, "end_lat": -52.22222, "end_lon": 44.44444, "center_lat": -52.08333, "center_lon": 44.16667, "length_km": 50.0, "risk_level": "unknown", "ice_concentration": 0.0, "iceberg_proximity_km": null}, {"seg_id": "1_26", "start_lat": -52.22222, "start_lon": 44.44444, "end_lat": -52.5, "end_lon": 45.0, "center_lat": -52.36111, "center_lon": 44.72222, "length_km": 50.0, "risk_level": "unknown", "ice_concentration": 0.0, "iceberg_proximity_km": null}, {"seg_id": "1_27", "start_lat": -52.5, "start_lon": 45.0, "end_lat": -52.77778, "end_lon": 45.55556, "center_lat": -52.63889, "center_lon": 45.27778, "length_km": 50.0, "risk_level": "unknown", "ice_concentration": 0.0, "iceberg_proximity_km": null}, {"seg_id": "1_28", "start_lat": -52.77778, "start_lon": 45.55556, "end_lat": -53.05556, "end_lon": 46.11111, "center_lat": -52.91667, "center_lon": 45.83333, "length_km": 50.0, "risk_level": "unknown", "ice_concentration": 0.0, "iceberg_proximity_km": null}, {"seg_id": "1_29", "start_lat": -53.05556, "start_lon": 46.11111, "end_lat": -53.33333, "end_lon": 46.66667, "center_lat": -53.19444, "center_lon": 46.38889, "length_km": 50.0, "risk_level": "unknown", "ice_concentration": 0.0, "iceberg_proximity_km": null}, {"seg_id": "1_30", "start_lat": -53.33333, "start_lon": 46.66667, "end_lat": -53.61111, "end_lon": 47.22222, "center_lat": -53.47222, "center_lon": 46.94444, "length_km": 50.0, "risk_level": "unknown", "ice_concentration": 0.0, "iceberg_proximity_km": null}, {"seg_id": "1_31", "start_lat": -53.61111, "start_lon": 47.22222, "end_lat": -53.88889, "end_lon": 47.77778, "center_lat": -53.75, "center_lon": 47.5, "length_km": 50.0, "risk_level": "unknown", "ice_concentration": 0.0, "iceberg_proximity_km": null}, {"seg_id": "1_32", "start_lat": -53.88889, "start_lon": 47.77778, "end_lat": -54.16667, "end_lon": 48.33333, "center_lat": -54.02778, "center_lon": 48.05556, "length_km": 50.0, "risk_level": "unknown", "ice_concentration": 0.0, "iceberg_proximity_km": null}, {"seg_id": "1_33", "start_lat": -54.16667, "start_lon": 48.33333, "end_lat": -54.44444, "end_lon": 48.88889, "center_lat": -54.30556, "center_lon": 48.61111, "length_km": 50.0, "risk_level": "unknown", "ice_concentration": 0.0, "iceberg_proximity_km": null}, {"seg_id": "1_34", "start_lat": -54.44444, "start_lon": 48.88889, "end_lat": -54.72222, "end_lon": 49.44444, "center_lat": -54.58333, "center_lon": 49.16667, "length_km": 50.0, "risk_level": "unknown", "ice_concentration": 0.0, "iceberg_proximity_km": null}, {"seg_id": "1_35", "start_lat": -54.72222, "start_lon": 49.44444, "end_lat": -55.0, "end_lon": 50.0, "center_lat": -54.86111, "center_lon": 49.72222, "length_km": 50.0, "risk_level": "unknown", "ice_concentration": 0.0, "iceberg_proximity_km": null}, {"seg_id": "2_0", "start_lat": -55.0, "start_lon": 50.0, "end_lat": -55.32258, "end_lon": 50.64516, "center_lat": -55.16129, "center_lon": 50.32258, "length_km": 50.31, "risk_level": "unknown", "ice_concentration": 0.0, "iceberg_proximity_km": null}, {"seg_id": "2_1", "start_lat": -55.32258, "start_lon": 50.64516, "end_lat": -55.64516, "end_lon": 51.29032, "center_lat": -55.48387, "center_lon": 50.96774, "length_km": 50.31, "risk_level": "unknown", "ice_concentration": 0.0, "iceberg_proximity_km": null}, {"seg_id": "2_2", "start_lat": -55.64516, "start_lon": 51.29032, "end_lat": -55.96774, "end_lon": 51.93548, "center_lat": -55.80645, "center_lon": 51.6129, "length_km": 50.31, "risk_level": "unknown", "ice_concentration": 0.0, "iceberg_proximity_km": null}, {"seg_id": "2_3", "start_lat": -55.96774, "start_lon": 51.93548, "end_lat": -56.29032, "end_lon": 52.58065, "center_lat": -56.12903, "center_lon": 52.25806, "length_km": 50.31, "risk_level": "unknown", "ice_concentration": 0.0, "iceberg_proximity_km": null}, {"seg_id": "2_4", "start_lat": -56.29032, "start_lon": 52.58065, "end_lat": -56.6129, "end_lon": 53.22581, "center_lat": -56.45161, "center_lon": 52.90323, "length_km": 50.31, "risk_level": "unknown", "ice_concentration": 0.0, "iceberg_proximity_km": null}, {"seg_id": "2_5", "start_lat": -56.6129, "start_lon": 53.22581, "end_lat": -56.93548, "end_lon": 53.87097, "center_lat": -56.77419, "center_lon": 53.54839, "length_km": 50.31, "risk_level": "unknown", "ice_concentration": 0.0, "iceberg_proximity_km": null}, {"seg_id": "2_6", "start_lat": -56.93548, "start_lon": 53.87097, "end_lat": -57.25806, "end_lon": 54.51613, "center_lat": -57.09677, "center_lon": 54.19355, "length_km": 50.31, "risk_level": "unknown", "ice_concentration": 0.0, "iceberg_proximity_km": null}, {"seg_id": "2_7", "start_lat": -57.25806, "start_lon": 54.51613, "end_lat": -57.58065, "end_lon": 55.16129, "center_lat": -57.41935, "center_lon": 54.83871, "length_km": 50.31, "risk_level": "unknown", "ice_concentration": 0.0, "iceberg_proximity_km": null}, {"seg_id": "2_8", "start_lat": -57.58065, "start_lon": 55.16129, "end_lat": -57.90323, "end_lon": 55.80645, "center_lat": -57.74194, "center_lon": 55.48387, "length_km": 50.31, "risk_level": "unknown", "ice_concentration": 0.0, "iceberg_proximity_km": null}, {"seg_id": "2_9", "start_lat": -57.90323, "start_lon": 55.80645, "end_lat": -58.22581, "end_lon": 56.45161, "center_lat": -58.06452, "center_lon": 56.12903, "length_km": 50.31, "risk_level": "unknown", "ice_concentration": 0.0, "iceberg_proximity_km": null}, {"seg_id": "2_10", "start_lat": -58.22581, "start_lon": 56.45161, "end_lat": -58.54839, "end_lon": 57.09677, "center_lat": -58.3871, "center_lon": 56.77419, "length_km": 50.31, "risk_level": "unknown", "ice_concentration": 0.0, "iceberg_proximity_km": null}, {"seg_id": "2_11", "start_lat": -58.54839, "start_lon": 57.09677, "end_lat": -58.87097, "end_lon": 57.74194, "center_lat": -58.70968, "center_lon": 57.41935, "length_km": 50.31, "risk_level": "unknown", "ice_concentration": 0.0, "iceberg_proximity_km": null}, {"seg_id": "2_12", "start_lat": -58.87097, "start_lon": 57.74194, "end_lat": -59.19355, "end_lon": 58.3871, "center_lat": -59.03226, "center_lon": 58.06452, "length_km": 50.31, "risk_level": "unknown", "ice_concentration": 0.0, "iceberg_proximity_km": null}, {"seg_id": "2_13", "start_lat": -59.19355, "start_lon": 58.3871, "end_lat": -59.51613, "end_lon": 59.03226, "center_lat": -59.35484, "center_lon": 58.70968, "length_km": 50.31, "risk_level": "unknown", "ice_concentration": 0.0, "iceberg_proximity_km": null}, {"seg_id": "2_14", "start_lat": -59.51613, "start_lon": 59.03226, "end_lat": -59.83871, "end_lon": 59.67742, "center_lat": -59.67742, "center_lon": 59.35484, "length_km": 50.31, "risk_level": "unknown", "ice_concentration": 0.0, "iceberg_proximity_km": null}, {"seg_id": "2_15", "start_lat": -59.83871, "start_lon": 59.67742, "end_lat": -60.16129, "end_lon": 60.32258, "center_lat": -60.0, "center_lon": 60.0, "length_km": 50.31, "risk_level": "unknown", "ice_concentration": 0.0, "iceberg_proximity_km": null}, {"seg_id": "2_16", "start_lat": -60.16129, "start_lon": 60.32258, "end_lat": -60.48387, "end_lon": 60.96774, "center_lat": -60.32258, "center_lon": 60.64516, "length_km": 50.31, "risk_level": "unknown", "ice_concentration": 0.0, "iceberg_proximity_km": null}, {"seg_id": "2_17", "start_lat": -60.48387, "start_lon": 60.96774, "end_lat": -60.80645, "end_lon": 61.6129, "center_lat": -60.64516, "center_lon": 61.29032, "length_km": 50.31, "risk_level": "unknown", "ice_concentration": 0.0, "iceberg_proximity_km": null}, {"seg_id": "2_18", "start_lat": -60.80645, "start_lon": 61.6129, "end_lat": -61.12903, "end_lon": 62.25806, "center_lat": -60.96774, "center_lon": 61.93548, "length_km": 50.31, "risk_level": "unknown", "ice_concentration": 0.0, "iceberg_proximity_km": null}, {"seg_id": "2_19", "start_lat": -61.12903, "start_lon": 62.25806, "end_lat": -61.45161, "end_lon": 62.90323, "center_lat": -61.29032, "center_lon": 62.58065, "length_km": 50.31, "risk_level": "unknown", "ice_concentration": 0.0, "iceberg_proximity_km": null}, {"seg_id": "2_20", "start_lat": -61.45161, "start_lon": 62.90323, "end_lat": -61.77419, "end_lon": 63.54839, "center_lat": -61.6129, "center_lon": 63.22581, "length_km": 50.31, "risk_level": "unknown", "ice_concentration": 0.0, "iceberg_proximity_km": null}, {"seg_id": "2_21", "start_lat": -61.77419, "start_lon": 63.54839, "end_lat": -62.09677, "end_lon": 64.19355, "center_lat": -61.93548, "center_lon": 63.87097, "length_km": 50.31, "risk_level": "unknown", "ice_concentration": 0.0, "iceberg_proximity_km": null}, {"seg_id": "2_22", "start_lat": -62.09677, "start_lon": 64.19355, "end_lat": -62.41935, "end_lon": 64.83871, "center_lat": -62.25806, "center_lon": 64.51613, "length_km": 50.31, "risk_level": "unknown", "ice_concentration": 0.0, "iceberg_proximity_km": null}, {"seg_id": "2_23", "start_lat": -62.41935, "start_lon": 64.83871, "end_lat": -62.74194, "end_lon": 65.48387, "center_lat": -62.58065, "center_lon": 65.16129, "length_km": 50.31, "risk_level": "unknown", "ice_concentration": 0.0, "iceberg_proximity_km": null}, {"seg_id": "2_24", "start_lat": -62.74194, "start_lon": 65.48387, "end_lat": -63.06452, "end_lon": 66.12903, "center_lat": -62.90323, "center_lon": 65.80645, "length_km": 50.31, "risk_level": "unknown", "ice_concentration": 0.0, "iceberg_proximity_km": null}, {"seg_id": "2_25", "start_lat": -63.06452, "start_lon": 66.12903, "end_lat": -63.3871, "end_lon": 66.77419, "center_lat": -63.22581, "center_lon": 66.45161, "length_km": 50.31, "risk_level": "unknown", "ice_concentration": 0.0, "iceberg_proximity_km": null}, {"seg_id": "2_26", "start_lat": -63.3871, "start_lon": 66.77419, "end_lat": -63.70968, "end_lon": 67.41935, "center_lat": -63.54839, "center_lon": 67.09677, "length_km": 50.31, "risk_level": "unknown", "ice_concentration": 0.0, "iceberg_proximity_km": null}, {"seg_id": "2_27", "start_lat": -63.70968, "start_lon": 67.41935, "end_lat": -64.03226, "end_lon": 68.06452, "center_lat": -63.87097, "center_lon": 67.74194, "length_km": 50.31, "risk_level": "unknown", "ice_concentration": 0.0, "iceberg_proximity_km": null}, {"seg_id": "2_28", "start_lat": -64.03226, "start_lon": 68.06452, "end_lat": -64.35484, "end_lon": 68.70968, "center_lat": -64.19355, "center_lon": 68.3871, "length_km": 50.31, "risk_level": "unknown", "ice_concentration": 0.0, "iceberg_proximity_km": null}, {"seg_id": "2_29", "start_lat": -64.35484, "start_lon": 68.70968, "end_lat": -64.67742, "end_lon": 69.35484, "center_lat": -64.51613, "center_lon": 69.03226, "length_km": 50.31, "risk_level": "unknown", "ice_concentration": 0.0, "iceberg_proximity_km": null}, {"seg_id": "2_30", "start_lat": -64.67742, "start_lon": 69.35484, "end_lat": -65.0, "end_lon": 70.0, "center_lat": -64.83871, "center_lon": 69.67742, "length_km": 50.31, "risk_level": "unknown", "ice_concentration": 0.0, "iceberg_proximity_km": null}, {"seg_id": "3_0", "start_lat": -65.0, "start_lon": 70.0, "end_lat": -65.40091, "end_lon": 70.56273, "center_lat": -65.20045, "center_lon": 70.28136, "length_km": 50.69, "risk_level": "unknown", "ice_concentration": 0.0, "iceberg_proximity_km": null}, {"seg_id": "3_1", "start_lat": -65.40091, "start_lon": 70.56273, "end_lat": -65.80182, "end_lon": 71.12545, "center_lat": -65.60136, "center_lon": 70.84409, "length_km": 50.69, "risk_level": "unknown", "ice_concentration": 0.0, "iceberg_proximity_km": null}, {"seg_id": "3_2", "start_lat": -65.80182, "start_lon": 71.12545, "end_lat": -66.20273, "end_lon": 71.68818, "center_lat": -66.00227, "center_lon": 71.40682, "length_km": 50.69, "risk_level": "unknown", "ice_concentration": 0.0, "iceberg_proximity_km": null}, {"seg_id": "3_3", "start_lat": -66.20273, "start_lon": 71.68818, "end_lat": -66.60364, "end_lon": 72.25091, "center_lat": -66.40318, "center_lon": 71.96955, "length_km": 50.69, "risk_level": "unknown", "ice_concentration": 0.0, "iceberg_proximity_km": null}, {"seg_id": "3_4", "start_lat": -66.60364, "start_lon": 72.25091, "end_lat": -67.00455, "end_lon": 72.81364, "center_lat": -66.80409, "center_lon": 72.53227, "length_km": 50.69, "risk_level": "unknown", "ice_concentration": 0.0, "iceberg_proximity_km": null}, {"seg_id": "3_5", "start_lat": -67.00455, "start_lon": 72.81364, "end_lat": -67.40545, "end_lon": 73.37636, "center_lat": -67.205, "center_lon": 73.095, "length_km": 50.69, "risk_level": "unknown", "ice_concentration": 0.0, "iceberg_proximity_km": null}, {"seg_id": "3_6", "start_lat": -67.40545, "start_lon": 73.37636, "end_lat": -67.80636, "end_lon": 73.93909, "center_lat": -67.60591, "center_lon": 73.65773, "length_km": 50.69, "risk_level": "unknown", "ice_concentration": 0.0, "iceberg_proximity_km": null}, {"seg_id": "3_7", "start_lat": -67.80636, "start_lon": 73.93909, "end_lat": -68.20727, "end_lon": 74.50182, "center_lat": -68.00682, "center_lon": 74.22045, "length_km": 50.69, "risk_level": "unknown", "ice_concentration": 0.0, "iceberg_proximity_km": null}, {"seg_id": "3_8", "start_lat": -68.20727, "start_lon": 74.50182, "end_lat": -68.60818, "end_lon": 75.06455, "center_lat": -68.40773, "center_lon": 74.78318, "length_km": 50.69, "risk_level": "unknown", "ice_concentration": 0.0, "iceberg_proximity_km": null}, {"seg_id": "3_9", "start_lat": -68.60818, "start_lon": 75.06455, "end_lat": -69.00909, "end_lon": 75.62727, "center_lat": -68.80864, "center_lon": 75.34591, "length_km": 50.69, "risk_level": "unknown", "ice_concentration": 0.0, "iceberg_proximity_km": null}, {"seg_id": "3_10", "start_lat": -69.00909, "start_lon": 75.62727, "end_lat": -69.41, "end_lon": 76.19, "center_lat": -69.20955, "center_lon": 75.90864, "length_km": 50.69, "risk_level": "unknown", "ice_concentration": 0.0, "iceberg_proximity_km": null}]}, {"type": "Feature", "id": "route_hob_casey", "properties": {"name": "Hobart \u2192 Casey Station", "route_id": "route_hob_casey", "route_type": "supply", "distance_km": 3400, "typical_vessel": "icebreaker", "segment_count": 69}, "geometry": {"type": "LineString", "coordinates": [[147.33, -42.88], [140.0, -50.0], [118.0, -60.0], [110.53, -66.28]]}, "segments": [{"seg_id": "0_0", "start_lat": -42.88, "start_lon": 147.33, "end_lat": -43.25474, "end_lon": 146.94421, "center_lat": -43.06737, "center_lon": 147.13711, "length_km": 51.04, "risk_level": "unknown", "ice_concentration": 0.0, "iceberg_proximity_km": null}, {"seg_id": "0_1", "start_lat": -43.25474, "start_lon": 146.94421, "end_lat": -43.62947, "end_lon": 146.55842, "center_lat": -43.44211, "center_lon": 146.75132, "length_km": 51.04, "risk_level": "unknown", "ice_concentration": 0.0, "iceberg_proximity_km": null}, {"seg_id": "0_2", "start_lat": -43.62947, "start_lon": 146.55842, "end_lat": -44.00421, "end_lon": 146.17263, "center_lat": -43.81684, "center_lon": 146.36553, "length_km": 51.04, "risk_level": "unknown", "ice_concentration": 0.0, "iceberg_proximity_km": null}, {"seg_id": "0_3", "start_lat": -44.00421, "start_lon": 146.17263, "end_lat": -44.37895, "end_lon": 145.78684, "center_lat": -44.19158, "center_lon": 145.97974, "length_km": 51.04, "risk_level": "unknown", "ice_concentration": 0.0, "iceberg_proximity_km": null}, {"seg_id": "0_4", "start_lat": -44.37895, "start_lon": 145.78684, "end_lat": -44.75368, "end_lon": 145.40105, "center_lat": -44.56632, "center_lon": 145.59395, "length_km": 51.04, "risk_level": "unknown", "ice_concentration": 0.0, "iceberg_proximity_km": null}, {"seg_id": "0_5", "start_lat": -44.75368, "start_lon": 145.40105, "end_lat": -45.12842, "end_lon": 145.01526, "center_lat": -44.94105, "center_lon": 145.20816, "length_km": 51.04, "risk_level": "unknown", "ice_concentration": 0.0, "iceberg_proximity_km": null}, {"seg_id": "0_6", "start_lat": -45.12842, "start_lon": 145.01526, "end_lat": -45.50316, "end_lon": 144.62947, "center_lat": -45.31579, "center_lon": 144.82237, "length_km": 51.04, "risk_level": "unknown", "ice_concentration": 0.0, "iceberg_proximity_km": null}, {"seg_id": "0_7", "start_lat": -45.50316, "start_lon": 144.62947, "end_lat": -45.87789, "end_lon": 144.24368, "center_lat": -45.69053, "center_lon": 144.43658, "length_km": 51.04, "risk_level": "unknown", "ice_concentration": 0.0, "iceberg_proximity_km": null}, {"seg_id": "0_8", "start_lat": -45.87789, "start_lon": 144.24368, "end_lat": -46.25263, "end_lon": 143.85789, "center_lat": -46.06526, "center_lon": 144.05079, "length_km": 51.04, "risk_level": "unknown", "ice_concentration": 0.0, "iceberg_proximity_km": null}, {"seg_id": "0_9", "start_lat": -46.25263, "start_lon": 143.85789, "end_lat": -46.62737, "end_lon": 143.47211, "center_lat": -46.44, "center_lon": 143.665, "length_km": 51.04, "risk_level": "unknown", "ice_concentration": 0.0, "iceberg_proximity_km": null}, {"seg_id": "0_10", "start_lat": -46.62737, "start_lon": 143.47211, "end_lat": -47.00211, "end_lon": 143.08632, "center_lat": -46.81474, "center_lon": 143.27921, "length_km": 51.04, "risk_level": "unknown", "ice_concentration": 0.0, "iceberg_proximity_km": null}, {"seg_id": "0_11", "start_lat": -47.00211, "start_lon": 143.08632, "end_lat": -47.37684, "end_lon": 142.70053, "center_lat": -47.18947, "center_lon": 142.89342, "length_km": 51.04, "risk_level": "unknown", "ice_concentration": 0.0, "iceberg_proximity_km": null}, {"seg_id": "0_12", "start_lat": -47.37684, "start_lon": 142.70053, "end_lat": -47.75158, "end_lon": 142.31474, "center_lat": -47.56421, "center_lon": 142.50763, "length_km": 51.04, "risk_level": "unknown", "ice_concentration": 0.0, "iceberg_proximity_km": null}, {"seg_id": "0_13", "start_lat": -47.75158, "start_lon": 142.31474, "end_lat": -48.12632, "end_lon": 141.92895, "center_lat": -47.93895, "center_lon": 142.12184, "length_km": 51.04, "risk_level": "unknown", "ice_concentration": 0.0, "iceberg_proximity_km": null}, {"seg_id": "0_14", "start_lat": -48.12632, "start_lon": 141.92895, "end_lat": -48.50105, "end_lon": 141.54316, "center_lat": -48.31368, "center_lon": 141.73605, "length_km": 51.04, "risk_level": "unknown", "ice_concentration": 0.0, "iceberg_proximity_km": null}, {"seg_id": "0_15", "start_lat": -48.50105, "start_lon": 141.54316, "end_lat": -48.87579, "end_lon": 141.15737, "center_lat": -48.68842, "center_lon": 141.35026, "length_km": 51.04, "risk_level": "unknown", "ice_concentration": 0.0, "iceberg_proximity_km": null}, {"seg_id": "0_16", "start_lat": -48.87579, "start_lon": 141.15737, "end_lat": -49.25053, "end_lon": 140.77158, "center_lat": -49.06316, "center_lon": 140.96447, "length_km": 51.04, "risk_level": "unknown", "ice_concentration": 0.0, "iceberg_proximity_km": null}, {"seg_id": "0_17", "start_lat": -49.25053, "start_lon": 140.77158, "end_lat": -49.62526, "end_lon": 140.38579, "center_lat": -49.43789, "center_lon": 140.57868, "length_km": 51.04, "risk_level": "unknown", "ice_concentration": 0.0, "iceberg_proximity_km": null}, {"seg_id": "0_18", "start_lat": -49.62526, "start_lon": 140.38579, "end_lat": -50.0, "end_lon": 140.0, "center_lat": -49.81263, "center_lon": 140.19289, "length_km": 51.04, "risk_level": "unknown", "ice_concentration": 0.0, "iceberg_proximity_km": null}, {"seg_id": "1_0", "start_lat": -50.0, "start_lon": 140.0, "end_lat": -50.28571, "end_lon": 139.37143, "center_lat": -50.14286, "center_lon": 139.68571, "length_km": 50.74, "risk_level": "unknown", "ice_concentration": 0.0, "iceberg_proximity_km": null}, {"seg_id": "1_1", "start_lat": -50.28571, "start_lon": 139.37143, "end_lat": -50.57143, "end_lon": 138.74286, "center_lat": -50.42857, "center_lon": 139.05714, "length_km": 50.74, "risk_level": "unknown", "ice_concentration": 0.0, "iceberg_proximity_km": null}, {"seg_id": "1_2", "start_lat": -50.57143, "start_lon": 138.74286, "end_lat": -50.85714, "end_lon": 138.11429, "center_lat": -50.71429, "center_lon": 138.42857, "length_km": 50.74, "risk_level": "unknown", "ice_concentration": 0.0, "iceberg_proximity_km": null}, {"seg_id": "1_3", "start_lat": -50.85714, "start_lon": 138.11429, "end_lat": -51.14286, "end_lon": 137.48571, "center_lat": -51.0, "center_lon": 137.8, "length_km": 50.74, "risk_level": "unknown", "ice_concentration": 0.0, "iceberg_proximity_km": null}, {"seg_id": "1_4", "start_lat": -51.14286, "start_lon": 137.48571, "end_lat": -51.42857, "end_lon": 136.85714, "center_lat": -51.28571, "center_lon": 137.17143, "length_km": 50.74, "risk_level": "unknown", "ice_concentration": 0.0, "iceberg_proximity_km": null}, {"seg_id": "1_5", "start_lat": -51.42857, "start_lon": 136.85714, "end_lat": -51.71429, "end_lon": 136.22857, "center_lat": -51.57143, "center_lon": 136.54286, "length_km": 50.74, "risk_level": "unknown", "ice_concentration": 0.0, "iceberg_proximity_km": null}, {"seg_id": "1_6", "start_lat": -51.71429, "start_lon": 136.22857, "end_lat": -52.0, "end_lon": 135.6, "center_lat": -51.85714, "center_lon": 135.91429, "length_km": 50.74, "risk_level": "unknown", "ice_concentration": 0.0, "iceberg_proximity_km": null}, {"seg_id": "1_7", "start_lat": -52.0, "start_lon": 135.6, "end_lat": -52.28571, "end_lon": 134.97143, "center_lat": -52.14286, "center_lon": 135.28571, "length_km": 50.74, "risk_level": "unknown", "ice_concentration": 0.0, "iceberg_proximity_km": null}, {"seg_id": "1_8", "start_lat": -52.28571, "start_lon": 134.97143, "end_lat": -52.57143, "end_lon": 134.34286, "center_lat": -52.42857, "center_lon": 134.65714, "length_km": 50.74, "risk_level": "unknown", "ice_concentration": 0.0, "iceberg_proximity_km": null}, {"seg_id": "1_9", "start_lat": -52.57143, "start_lon": 134.34286, "end_lat": -52.85714, "end_lon": 133.71429, "center_lat": -52.71429, "center_lon": 134.02857, "length_km": 50.74, "risk_level": "unknown", "ice_concentration": 0.0, "iceberg_proximity_km": null}, {"seg_id": "1_10", "start_lat": -52.85714, "start_lon": 133.71429, "end_lat": -53.14286, "end_lon": 133.08571, "center_lat": -53.0, "center_lon": 133.4, "length_km": 50.74, "risk_level": "unknown", "ice_concentration": 0.0, "iceberg_proximity_km": null}, {"seg_id": "1_11", "start_lat": -53.14286, "start_lon": 133.08571, "end_lat": -53.42857, "end_lon": 132.45714, "center_lat": -53.28571, "center_lon": 132.77143, "length_km": 50.74, "risk_level": "unknown", "ice_concentration": 0.0, "iceberg_proximity_km": null}, {"seg_id": "1_12", "start_lat": -53.42857, "start_lon": 132.45714, "end_lat": -53.71429, "end_lon": 131.82857, "center_lat": -53.57143, "center_lon": 132.14286, "length_km": 50.74, "risk_level": "unknown", "ice_concentration": 0.0, "iceberg_proximity_km": null}, {"seg_id": "1_13", "start_lat": -53.71429, "start_lon": 131.82857, "end_lat": -54.0, "end_lon": 131.2, "center_lat": -53.85714, "center_lon": 131.51429, "length_km": 50.74, "risk_level": "unknown", "ice_concentration": 0.0, "iceberg_proximity_km": null}, {"seg_id": "1_14", "start_lat": -54.0, "start_lon": 131.2, "end_lat": -54.28571, "end_lon": 130.57143, "center_lat": -54.14286, "center_lon": 130.88571, "length_km": 50.74, "risk_level": "unknown", "ice_concentration": 0.0, "iceberg_proximity_km": null}, {"seg_id": "1_15", "start_lat": -54.28571, "start_lon": 130.57143, "end_lat": -54.57143, "end_lon": 129.94286, "center_lat": -54.42857, "center_lon": 130.25714, "length_km": 50.74, "risk_level": "unknown", "ice_concentration": 0.0, "iceberg_proximity_km": null}, {"seg_id": "1_16", "start_lat": -54.57143, "start_lon": 129.94286, "end_lat": -54.85714, "end_lon": 129.31429, "center_lat": -54.71429, "center_lon": 129.62857, "length_km": 50.74, "risk_level": "unknown", "ice_concentration": 0.0, "iceberg_proximity_km": null}, {"seg_id": "1_17", "start_lat": -54.85714, "start_lon": 129.31429, "end_lat": -55.14286, "end_lon": 128.68571, "center_lat": -55.0, "center_lon": 129.0, "length_km": 50.74, "risk_level": "unknown", "ice_concentration": 0.0, "iceberg_proximity_km": null}, {"seg_id": "1_18", "start_lat": -55.14286, "start_lon": 128.68571, "end_lat": -55.42857, "end_lon": 128.05714, "center_lat": -55.28571, "center_lon": 128.37143, "length_km": 50.74, "risk_level": "unknown", "ice_concentration": 0.0, "iceberg_proximity_km": null}, {"seg_id": "1_19", "start_lat": -55.42857, "start_lon": 128.05714, "end_lat": -55.71429, "end_lon": 127.42857, "center_lat": -55.57143, "center_lon": 127.74286, "length_km": 50.74, "risk_level": "unknown", "ice_concentration": 0.0, "iceberg_proximity_km": null}, {"seg_id": "1_20", "start_lat": -55.71429, "start_lon": 127.42857, "end_lat": -56.0, "end_lon": 126.8, "center_lat": -55.85714, "center_lon": 127.11429, "length_km": 50.74, "risk_level": "unknown", "ice_concentration": 0.0, "iceberg_proximity_km": null}, {"seg_id": "1_21", "start_lat": -56.0, "start_lon": 126.8, "end_lat": -56.28571, "end_lon": 126.17143, "center_lat": -56.14286, "center_lon": 126.48571, "length_km": 50.74, "risk_level": "unknown", "ice_concentration": 0.0, "iceberg_proximity_km": null}, {"seg_id": "1_22", "start_lat": -56.28571, "start_lon": 126.17143, "end_lat": -56.57143, "end_lon": 125.54286, "center_lat": -56.42857, "center_lon": 125.85714, "length_km": 50.74, "risk_level": "unknown", "ice_concentration": 0.0, "iceberg_proximity_km": null}, {"seg_id": "1_23", "start_lat": -56.57143, "start_lon": 125.54286, "end_lat": -56.85714, "end_lon": 124.91429, "center_lat": -56.71429, "center_lon": 125.22857, "length_km": 50.74, "risk_level": "unknown", "ice_concentration": 0.0, "iceberg_proximity_km": null}, {"seg_id": "1_24", "start_lat": -56.85714, "start_lon": 124.91429, "end_lat": -57.14286, "end_lon": 124.28571, "center_lat": -57.0, "center_lon": 124.6, "length_km": 50.74, "risk_level": "unknown", "ice_concentration": 0.0, "iceberg_proximity_km": null}, {"seg_id": "1_25", "start_lat": -57.14286, "start_lon": 124.28571, "end_lat": -57.42857, "end_lon": 123.65714, "center_lat": -57.28571, "center_lon": 123.97143, "length_km": 50.74, "risk_level": "unknown", "ice_concentration": 0.0, "iceberg_proximity_km": null}, {"seg_id": "1_26", "start_lat": -57.42857, "start_lon": 123.65714, "end_lat": -57.71429, "end_lon": 123.02857, "center_lat": -57.57143, "center_lon": 123.34286, "length_km": 50.74, "risk_level": "unknown", "ice_concentration": 0.0, "iceberg_proximity_km": null}, {"seg_id": "1_27", "start_lat": -57.71429, "start_lon": 123.02857, "end_lat": -58.0, "end_lon": 122.4, "center_lat": -57.85714, "center_lon": 122.71429, "length_km": 50.74, "risk_level": "unknown", "ice_concentration": 0.0, "iceberg_proximity_km": null}, {"seg_id": "1_28", "start_lat": -58.0, "start_lon": 122.4, "end_lat": -58.28571, "end_lon": 121.77143, "center_lat": -58.14286, "center_lon": 122.08571, "length_km": 50.74, "risk_level": "unknown", "ice_concentration": 0.0, "iceberg_proximity_km": null}, {"seg_id": "1_29", "start_lat": -58.28571, "start_lon": 121.77143, "end_lat": -58.57143, "end_lon": 121.14286, "center_lat": -58.42857, "center_lon": 121.45714, "length_km": 50.74, "risk_level": "unknown", "ice_concentration": 0.0, "iceberg_proximity_km": null}, {"seg_id": "1_30", "start_lat": -58.57143, "start_lon": 121.14286, "end_lat": -58.85714, "end_lon": 120.51429, "center_lat": -58.71429, "center_lon": 120.82857, "length_km": 50.74, "risk_level": "unknown", "ice_concentration": 0.0, "iceberg_proximity_km": null}, {"seg_id": "1_31", "start_lat": -58.85714, "start_lon": 120.51429, "end_lat": -59.14286, "end_lon": 119.88571, "center_lat": -59.0, "center_lon": 120.2, "length_km": 50.74, "risk_level": "unknown", "ice_concentration": 0.0, "iceberg_proximity_km": null}, {"seg_id": "1_32", "start_lat": -59.14286, "start_lon": 119.88571, "end_lat": -59.42857, "end_lon": 119.25714, "center_lat": -59.28571, "center_lon": 119.57143, "length_km": 50.74, "risk_level": "unknown", "ice_concentration": 0.0, "iceberg_proximity_km": null}, {"seg_id": "1_33", "start_lat": -59.42857, "start_lon": 119.25714, "end_lat": -59.71429, "end_lon": 118.62857, "center_lat": -59.57143, "center_lon": 118.94286, "length_km": 50.74, "risk_level": "unknown", "ice_concentration": 0.0, "iceberg_proximity_km": null}, {"seg_id": "1_34", "start_lat": -59.71429, "start_lon": 118.62857, "end_lat": -60.0, "end_lon": 118.0, "center_lat": -59.85714, "center_lon": 118.31429, "length_km": 50.74, "risk_level": "unknown", "ice_concentration": 0.0, "iceberg_proximity_km": null}, {"seg_id": "2_0", "start_lat": -60.0, "start_lon": 118.0, "end_lat": -60.41867, "end_lon": 117.502, "center_lat": -60.20933, "center_lon": 117.751, "length_km": 52.77, "risk_level": "unknown", "ice_concentration": 0.0, "iceberg_proximity_km": null}, {"seg_id": "2_1", "start_lat": -60.41867, "start_lon": 117.502, "end_lat": -60.83733, "end_lon": 117.004, "center_lat": -60.628, "center_lon": 117.253, "length_km": 52.77, "risk_level": "unknown", "ice_concentration": 0.0, "iceberg_proximity_km": null}, {"seg_id": "2_2", "start_lat": -60.83733, "start_lon": 117.004, "end_lat": -61.256, "end_lon": 116.506, "center_lat": -61.04667, "center_lon": 116.755, "length_km": 52.77, "risk_level": "unknown", "ice_concentration": 0.0, "iceberg_proximity_km": null}, {"seg_id": "2_3", "start_lat": -61.256, "start_lon": 116.506, "end_lat": -61.67467, "end_lon": 116.008, "center_lat": -61.46533, "center_lon": 116.257, "length_km": 52.77, "risk_level": "unknown", "ice_concentration": 0.0, "iceberg_proximity_km": null}, {"seg_id": "2_4", "start_lat": -61.67467, "start_lon": 116.008, "end_lat": -62.09333, "end_lon": 115.51, "center_lat": -61.884, "center_lon": 115.759, "length_km": 52.77, "risk_level": "unknown", "ice_concentration": 0.0, "iceberg_proximity_km": null}, {"seg_id": "2_5", "start_lat": -62.09333, "start_lon": 115.51, "end_lat": -62.512, "end_lon": 115.012, "center_lat": -62.30267, "center_lon": 115.261, "length_km": 52.77, "risk_level": "unknown", "ice_concentration": 0.0, "iceberg_proximity_km": null}, {"seg_id": "2_6", "start_lat": -62.512, "start_lon": 115.012, "end_lat": -62.93067, "end_lon": 114.514, "center_lat": -62.72133, "center_lon": 114.763, "length_km": 52.77, "risk_level": "unknown", "ice_concentration": 0.0, "iceberg_proximity_km": null}, {"seg_id": "2_7", "start_lat": -62.93067, "start_lon": 114.514, "end_lat": -63.34933, "end_lon": 114.016, "center_lat": -63.14, "center_lon": 114.265, "length_km": 52.77, "risk_level": "unknown", "ice_concentration": 0.0, "iceberg_proximity_km": null}, {"seg_id": "2_8", "start_lat": -63.34933, "start_lon": 114.016, "end_lat": -63.768, "end_lon": 113.518, "center_lat": -63.55867, "center_lon": 113.767, "length_km": 52.77, "risk_level": "unknown", "ice_concentration": 0.0, "iceberg_proximity_km": null}, {"seg_id": "2_9", "start_lat": -63.768, "start_lon": 113.518, "end_lat": -64.18667, "end_lon": 113.02, "center_lat": -63.97733, "center_lon": 113.269, "length_km": 52.77, "risk_level": "unknown", "ice_concentration": 0.0, "iceberg_proximity_km": null}, {"seg_id": "2_10", "start_lat": -64.18667, "start_lon": 113.02, "end_lat": -64.60533, "end_lon": 112.522, "center_lat": -64.396, "center_lon": 112.771, "length_km": 52.77, "risk_level": "unknown", "ice_concentration": 0.0, "iceberg_proximity_km": null}, {"seg_id": "2_11", "start_lat": -64.60533, "start_lon": 112.522, "end_lat": -65.024, "end_lon": 112.024, "center_lat": -64.81467, "center_lon": 112.273, "length_km": 52.77, "risk_level": "unknown", "ice_concentration": 0.0, "iceberg_proximity_km": null}, {"seg_id": "2_12", "start_lat": -65.024, "start_lon": 112.024, "end_lat": -65.44267, "end_lon": 111.526, "center_lat": -65.23333, "center_lon": 111.775, "length_km": 52.77, "risk_level": "unknown", "ice_concentration": 0.0, "iceberg_proximity_km": null}, {"seg_id": "2_13", "start_lat": -65.44267, "start_lon": 111.526, "end_lat": -65.86133, "end_lon": 111.028, "center_lat": -65.652, "center_lon": 111.277, "length_km": 52.77, "risk_level": "unknown", "ice_concentration": 0.0, "iceberg_proximity_km": null}, {"seg_id": "2_14", "start_lat": -65.86133, "start_lon": 111.028, "end_lat": -66.28, "end_lon": 110.53, "center_lat": -66.07067, "center_lon": 110.779, "length_km": 52.77, "risk_level": "unknown", "ice_concentration": 0.0, "iceberg_proximity_km": null}]}, {"type": "Feature", "id": "route_hob_davis", "properties": {"name": "Hobart \u2192 Davis Station", "route_id": "route_hob_davis", "route_type": "supply", "distance_km": 4100, "typical_vessel": "research", "segment_count": 117}, "geometry": {"type": "LineString", "coordinates": [[147.33, -42.88], [100.0, -52.0], [85.0, -60.0], [77.97, -68.58]]}, "segments": [{"seg_id": "0_0", "start_lat": -42.88, "start_lon": 147.33, "end_lat": -43.00667, "end_lon": 146.67264, "center_lat": -42.94333, "center_lon": 147.00132, "length_km": 50.42, "risk_level": "unknown", "ice_concentration": 0.0, "iceberg_proximity_km": null}, {"seg_id": "0_1", "start_lat": -43.00667, "start_lon": 146.67264, "end_lat": -43.13333, "end_lon": 146.01528, "center_lat": -43.07, "center_lon": 146.34396, "length_km": 50.42, "risk_level": "unknown", "ice_concentration": 0.0, "iceberg_proximity_km": null}, {"seg_id": "0_2", "start_lat": -43.13333, "start_lon": 146.01528, "end_lat": -43.26, "end_lon": 145.35792, "center_lat": -43.19667, "center_lon": 145.6866, "length_km": 50.42, "risk_level": "unknown", "ice_concentration": 0.0, "iceberg_proximity_km": null}, {"seg_id": "0_3", "start_lat": -43.26, "start_lon": 145.35792, "end_lat": -43.38667, "end_lon": 144.70056, "center_lat": -43.32333, "center_lon": 145.02924, "length_km": 50.42, "risk_level": "unknown", "ice_concentration": 0.0, "iceberg_proximity_km": null}, {"seg_id": "0_4", "start_lat": -43.38667, "start_lon": 144.70056, "end_lat": -43.51333, "end_lon": 144.04319, "center_lat": -43.45, "center_lon": 144.37188, "length_km": 50.42, "risk_level": "unknown", "ice_concentration": 0.0, "iceberg_proximity_km": null}, {"seg_id": "0_5", "start_lat": -43.51333, "start_lon": 144.04319, "end_lat": -43.64, "end_lon": 143.38583, "center_lat": -43.57667, "center_lon": 143.71451, "length_km": 50.42, "risk_level": "unknown", "ice_concentration": 0.0, "iceberg_proximity_km": null}, {"seg_id": "0_6", "start_lat": -43.64, "start_lon": 143.38583, "end_lat": -43.76667, "end_lon": 142.72847, "center_lat": -43.70333, "center_lon": 143.05715, "length_km": 50.42, "risk_level": "unknown", "ice_concentration": 0.0, "iceberg_proximity_km": null}, {"seg_id": "0_7", "start_lat": -43.76667, "start_lon": 142.72847, "end_lat": -43.89333, "end_lon": 142.07111, "center_lat": -43.83, "center_lon": 142.39979, "length_km": 50.42, "risk_level": "unknown", "ice_concentration": 0.0, "iceberg_proximity_km": null}, {"seg_id": "0_8", "start_lat": -43.89333, "start_lon": 142.07111, "end_lat": -44.02, "end_lon": 141.41375, "center_lat": -43.95667, "center_lon": 141.74243, "length_km": 50.42, "risk_level": "unknown", "ice_concentration": 0.0, "iceberg_proximity_km": null}, {"seg_id": "0_9", "start_lat": -44.02, "start_lon": 141.41375, "end_lat": -44.14667, "end_lon": 140.75639, "center_lat": -44.08333, "center_lon": 141.08507, "length_km": 50.42, "risk_level": "unknown", "ice_concentration": 0.0, "iceberg_proximity_km": null}, {"seg_id": "0_10", "start_lat": -44.14667, "start_lon": 140.75639, "end_lat": -44.27333, "end_lon": 140.09903, "center_lat": -44.21, "center_lon": 140.42771, "length_km": 50.42, "risk_level": "unknown", "ice_concentration": 0.0, "iceberg_proximity_km": null}, {"seg_id": "0_11", "start_lat": -44.27333, "start_lon": 140.09903, "end_lat": -44.4, "end_lon": 139.44167, "center_lat": -44.33667, "center_lon": 139.77035, "length_km": 50.42, "risk_level": "unknown", "ice_concentration": 0.0, "iceberg_proximity_km": null}, {"seg_id": "0_12", "start_lat": -44.4, "start_lon": 139.44167, "end_lat": -44.52667, "end_lon": 138.78431, "center_lat": -44.46333, "center_lon": 139.11299, "length_km": 50.42, "risk_level": "unknown", "ice_concentration": 0.0, "iceberg_proximity_km": null}, {"seg_id": "0_13", "start_lat": -44.52667, "start_lon": 138.78431, "end_lat": -44.65333, "end_lon": 138.12694, "center_lat": -44.59, "center_lon": 138.45562, "length_km": 50.42, "risk_level": "unknown", "ice_concentration": 0.0, "iceberg_proximity_km": null}, {"seg_id": "0_14", "start_lat": -44.65333, "start_lon": 138.12694, "end_lat": -44.78, "end_lon": 137.46958, "center_lat": -44.71667, "center_lon": 137.79826, "length_km": 50.42, "risk_level": "unknown", "ice_concentration": 0.0, "iceberg_proximity_km": null}, {"seg_id": "0_15", "start_lat": -44.78, "start_lon": 137.46958, "end_lat": -44.90667, "end_lon": 136.81222, "center_lat": -44.84333, "center_lon": 137.1409, "length_km": 50.42, "risk_level": "unknown", "ice_concentration": 0.0, "iceberg_proximity_km": null}, {"seg_id": "0_16", "start_lat": -44.90667, "start_lon": 136.81222, "end_lat": -45.03333, "end_lon": 136.15486, "center_lat": -44.97, "center_lon": 136.48354, "length_km": 50.42, "risk_level": "unknown", "ice_concentration": 0.0, "iceberg_proximity_km": null}, {"seg_id": "0_17", "start_lat": -45.03333, "start_lon": 136.15486, "end_lat": -45.16, "end_lon": 135.4975, "center_lat": -45.09667, "center_lon": 135.82618, "length_km": 50.42, "risk_level": "unknown", "ice_concentration": 0.0, "iceberg_proximity_km": null}, {"seg_id": "0_18", "start_lat": -45.16, "start_lon": 135.4975, "end_lat": -45.28667, "end_lon": 134.84014, "center_lat": -45.22333, "center_lon": 135.16882, "length_km": 50.42, "risk_level": "unknown", "ice_concentration": 0.0, "iceberg_proximity_km": null}, {"seg_id": "0_19", "start_lat": -45.28667, "start_lon": 134.84014, "end_lat": -45.41333, "end_lon": 134.18278, "center_lat": -45.35, "center_lon": 134.51146, "length_km": 50.42, "risk_level": "unknown", "ice_concentration": 0.0, "iceberg_proximity_km": null}, {"seg_id": "0_20", "start_lat": -45.41333, "start_lon": 134.18278, "end_lat": -45.54, "end_lon": 133.52542, "center_lat": -45.47667, "center_lon": 133.8541, "length_km": 50.42, "risk_level": "unknown", "ice_concentration": 0.0, "iceberg_proximity_km": null}, {"seg_id": "0_21", "start_lat": -45.54, "start_lon": 133.52542, "end_lat": -45.66667, "end_lon": 132.86806, "center_lat": -45.60333, "center_lon": 133.19674, "length_km": 50.42, "risk_level": "unknown", "ice_concentration": 0.0, "iceberg_proximity_km": null}, {"seg_id": "0_22", "start_lat": -45.66667, "start_lon": 132.86806, "end_lat": -45.79333, "end_lon": 132.21069, "center_lat": -45.73, "center_lon": 132.53938, "length_km": 50.42, "risk_level": "unknown", "ice_concentration": 0.0, "iceberg_proximity_km": null}, {"seg_id": "0_23", "start_lat": -45.79333, "start_lon": 132.21069, "end_lat": -45.92, "end_lon": 131.55333, "center_lat": -45.85667, "center_lon": 131.88201, "length_km": 50.42, "risk_level": "unknown", "ice_concentration": 0.0, "iceberg_proximity_km": null}, {"seg_id": "0_24", "start_lat": -45.92, "start_lon": 131.55333, "end_lat": -46.04667, "end_lon": 130.89597, "center_lat": -45.98333, "center_lon": 131.22465, "length_km": 50.42, "risk_level": "unknown", "ice_concentration": 0.0, "iceberg_proximity_km": null}, {"seg_id": "0_25", "start_lat": -46.04667, "start_lon": 130.89597, "end_lat": -46.17333, "end_lon": 130.23861, "center_lat": -46.11, "center_lon": 130.56729, "length_km": 50.42, "risk_level": "unknown", "ice_concentration": 0.0, "iceberg_proximity_km": null}, {"seg_id": "0_26", "start_lat": -46.17333, "start_lon": 130.23861, "end_lat": -46.3, "end_lon": 129.58125, "center_lat": -46.23667, "center_lon": 129.90993, "length_km": 50.42, "risk_level": "unknown", "ice_concentration": 0.0, "iceberg_proximity_km": null}, {"seg_id": "0_27", "start_lat": -46.3, "start_lon": 129.58125, "end_lat": -46.42667, "end_lon": 128.92389, "center_lat": -46.36333, "center_lon": 129.25257, "length_km": 50.42, "risk_level": "unknown", "ice_concentration": 0.0, "iceberg_proximity_km": null}, {"seg_id": "0_28", "start_lat": -46.42667, "start_lon": 128.92389, "end_lat": -46.55333, "end_lon": 128.26653, "center_lat": -46.49, "center_lon": 128.59521, "length_km": 50.42, "risk_level": "unknown", "ice_concentration": 0.0, "iceberg_proximity_km": null}, {"seg_id": "0_29", "start_lat": -46.55333, "start_lon": 128.26653, "end_lat": -46.68, "end_lon": 127.60917, "center_lat": -46.61667, "center_lon": 127.93785, "length_km": 50.42, "risk_level": "unknown", "ice_concentration": 0.0, "iceberg_proximity_km": null}, {"seg_id": "0_30", "start_lat": -46.68, "start_lon": 127.60917, "end_lat": -46.80667, "end_lon": 126.95181, "center_lat": -46.74333, "center_lon": 127.28049, "length_km": 50.42, "risk_level": "unknown", "ice_concentration": 0.0, "iceberg_proximity_km": null}, {"seg_id": "0_31", "start_lat": -46.80667, "start_lon": 126.95181, "end_lat": -46.93333, "end_lon": 126.29444, "center_lat": -46.87, "center_lon": 126.62313, "length_km": 50.42, "risk_level": "unknown", "ice_concentration": 0.0, "iceberg_proximity_km": null}, {"seg_id": "0_32", "start_lat": -46.93333, "start_lon": 126.29444, "end_lat": -47.06, "end_lon": 125.63708, "center_lat": -46.99667, "center_lon": 125.96576, "length_km": 50.42, "risk_level": "unknown", "ice_concentration": 0.0, "iceberg_proximity_km": null}, {"seg_id": "0_33", "start_lat": -47.06, "start_lon": 125.63708, "end_lat": -47.18667, "end_lon": 124.97972, "center_lat": -47.12333, "center_lon": 125.3084, "length_km": 50.42, "risk_level": "unknown", "ice_concentration": 0.0, "iceberg_proximity_km": null}, {"seg_id": "0_34", "start_lat": -47.18667, "start_lon": 124.97972, "end_lat": -47.31333, "end_lon": 124.32236, "center_lat": -47.25, "center_lon": 124.65104, "length_km": 50.42, "risk_level": "unknown", "ice_concentration": 0.0, "iceberg_proximity_km": null}, {"seg_id": "0_35", "start_lat": -47.31333, "start_lon": 124.32236, "end_lat": -47.44, "end_lon": 123.665, "center_lat": -47.37667, "center_lon": 123.99368, "length_km": 50.42, "risk_level": "unknown", "ice_concentration": 0.0, "iceberg_proximity_km": null}, {"seg_id": "0_36", "start_lat": -47.44, "start_lon": 123.665, "end_lat": -47.56667, "end_lon": 123.00764, "center_lat": -47.50333, "center_lon": 123.33632, "length_km": 50.42, "risk_level": "unknown", "ice_concentration": 0.0, "iceberg_proximity_km": null}, {"seg_id": "0_37", "start_lat": -47.56667, "start_lon": 123.00764, "end_lat": -47.69333, "end_lon": 122.35028, "center_lat": -47.63, "center_lon": 122.67896, "length_km": 50.42, "risk_level": "unknown", "ice_concentration": 0.0, "iceberg_proximity_km": null}, {"seg_id": "0_38", "start_lat": -47.69333, "start_lon": 122.35028, "end_lat": -47.82, "end_lon": 121.69292, "center_lat": -47.75667, "center_lon": 122.0216, "length_km": 50.42, "risk_level": "unknown", "ice_concentration": 0.0, "iceberg_proximity_km": null}, {"seg_id": "0_39", "start_lat": -47.82, "start_lon": 121.69292, "end_lat": -47.94667, "end_lon": 121.03556, "center_lat": -47.88333, "center_lon": 121.36424, "length_km": 50.42, "risk_level": "unknown", "ice_concentration": 0.0, "iceberg_proximity_km": null}, {"seg_id": "0_40", "start_lat": -47.94667, "start_lon": 121.03556, "end_lat": -48.07333, "end_lon": 120.37819, "center_lat": -48.01, "center_lon": 120.70687, "length_km": 50.42, "risk_level": "unknown", "ice_concentration": 0.0, "iceberg_proximity_km": null}, {"seg_id": "0_41", "start_lat": -48.07333, "start_lon": 120.37819, "end_lat": -48.2, "end_lon": 119.72083, "center_lat": -48.13667, "center_lon": 120.04951, "length_km": 50.42, "risk_level": "unknown", "ice_concentration": 0.0, "iceberg_proximity_km": null}, {"seg_id": "0_42", "start_lat": -48.2, "start_lon": 119.72083, "end_lat": -48.32667, "end_lon": 119.06347, "center_lat": -48.26333, "center_lon": 119.39215, "length_km": 50.42, "risk_level": "unknown", "ice_concentration": 0.0, "iceberg_proximity_km": null}, {"seg_id": "0_43", "start_lat": -48.32667, "start_lon": 119.06347, "end_lat": -48.45333, "end_lon": 118.40611, "center_lat": -48.39, "center_lon": 118.73479, "length_km": 50.42, "risk_level": "unknown", "ice_concentration": 0.0, "iceberg_proximity_km": null}, {"seg_id": "0_44", "start_lat": -48.45333, "start_lon": 118.40611, "end_lat": -48.58, "end_lon": 117.74875, "center_lat": -48.51667, "center_lon": 118.07743, "length_km": 50.42, "risk_level": "unknown", "ice_concentration": 0.0, "iceberg_proximity_km": null}, {"seg_id": "0_45", "start_lat": -48.58, "start_lon": 117.74875, "end_lat": -48.70667, "end_lon": 117.09139, "center_lat": -48.64333, "center_lon": 117.42007, "length_km": 50.42, "risk_level": "unknown", "ice_concentration": 0.0, "iceberg_proximity_km": null}, {"seg_id": "0_46", "start_lat": -48.70667, "start_lon": 117.09139, "end_lat": -48.83333, "end_lon": 116.43403, "center_lat": -48.77, "center_lon": 116.76271, "length_km": 50.42, "risk_level": "unknown", "ice_concentration": 0.0, "iceberg_proximity_km": null}, {"seg_id": "0_47", "start_lat": -48.83333, "start_lon": 116.43403, "end_lat": -48.96, "end_lon": 115.77667, "center_lat": -48.89667, "center_lon": 116.10535, "length_km": 50.42, "risk_level": "unknown", "ice_concentration": 0.0, "iceberg_proximity_km": null}, {"seg_id": "0_48", "start_lat": -48.96, "start_lon": 115.77667, "end_lat": -49.08667, "end_lon": 115.11931, "center_lat": -49.02333, "center_lon": 115.44799, "length_km": 50.42, "risk_level": "unknown", "ice_concentration": 0.0, "iceberg_proximity_km": null}, {"seg_id": "0_49", "start_lat": -49.08667, "start_lon": 115.11931, "end_lat": -49.21333, "end_lon": 114.46194, "center_lat": -49.15, "center_lon": 114.79063, "length_km": 50.42, "risk_level": "unknown", "ice_concentration": 0.0, "iceberg_proximity_km": null}, {"seg_id": "0_50", "start_lat": -49.21333, "start_lon": 114.46194, "end_lat": -49.34, "end_lon": 113.80458, "center_lat": -49.27667, "center_lon": 114.13326, "length_km": 50.42, "risk_level": "unknown", "ice_concentration": 0.0, "iceberg_proximity_km": null}, {"seg_id": "0_51", "start_lat": -49.34, "start_lon": 113.80458, "end_lat": -49.46667, "end_lon": 113.14722, "center_lat": -49.40333, "center_lon": 113.4759, "length_km": 50.42, "risk_level": "unknown", "ice_concentration": 0.0, "iceberg_proximity_km": null}, {"seg_id": "0_52", "start_lat": -49.46667, "start_lon": 113.14722, "end_lat": -49.59333, "end_lon": 112.48986, "center_lat": -49.53, "center_lon": 112.81854, "length_km": 50.42, "risk_level": "unknown", "ice_concentration": 0.0, "iceberg_proximity_km": null}, {"seg_id": "0_53", "start_lat": -49.59333, "start_lon": 112.48986, "end_lat": -49.72, "end_lon": 111.8325, "center_lat": -49.65667, "center_lon": 112.16118, "length_km": 50.42, "risk_level": "unknown", "ice_concentration": 0.0, "iceberg_proximity_km": null}, {"seg_id": "0_54", "start_lat": -49.72, "start_lon": 111.8325, "end_lat": -49.84667, "end_lon": 111.17514, "center_lat": -49.78333, "center_lon": 111.50382, "length_km": 50.42, "risk_level": "unknown", "ice_concentration": 0.0, "iceberg_proximity_km": null}, {"seg_id": "0_55", "start_lat": -49.84667, "start_lon": 111.17514, "end_lat": -49.97333, "end_lon": 110.51778, "center_lat": -49.91, "center_lon": 110.84646, "length_km": 50.42, "risk_level": "unknown", "ice_concentration": 0.0, "iceberg_proximity_km": null}, {"seg_id": "0_56", "start_lat": -49.97333, "start_lon": 110.51778, "end_lat": -50.1, "end_lon": 109.86042, "center_lat": -50.03667, "center_lon": 110.1891, "length_km": 50.42, "risk_level": "unknown", "ice_concentration": 0.0, "iceberg_proximity_km": null}, {"seg_id": "0_57", "start_lat": -50.1, "start_lon": 109.86042, "end_lat": -50.22667, "end_lon": 109.20306, "center_lat": -50.16333, "center_lon": 109.53174, "length_km": 50.42, "risk_level": "unknown", "ice_concentration": 0.0, "iceberg_proximity_km": null}, {"seg_id": "0_58", "start_lat": -50.22667, "start_lon": 109.20306, "end_lat": -50.35333, "end_lon": 108.54569, "center_lat": -50.29, "center_lon": 108.87438, "length_km": 50.42, "risk_level": "unknown", "ice_concentration": 0.0, "iceberg_proximity_km": null}, {"seg_id": "0_59", "start_lat": -50.35333, "start_lon": 108.54569, "end_lat": -50.48, "end_lon": 107.88833, "center_lat": -50.41667, "center_lon": 108.21701, "length_km": 50.42, "risk_level": "unknown", "ice_concentration": 0.0, "iceberg_proximity_km": null}, {"seg_id": "0_60", "start_lat": -50.48, "start_lon": 107.88833, "end_lat": -50.60667, "end_lon": 107.23097, "center_lat": -50.54333, "center_lon": 107.55965, "length_km": 50.42, "risk_level": "unknown", "ice_concentration": 0.0, "iceberg_proximity_km": null}, {"seg_id": "0_61", "start_lat": -50.60667, "start_lon": 107.23097, "end_lat": -50.73333, "end_lon": 106.57361, "center_lat": -50.67, "center_lon": 106.90229, "length_km": 50.42, "risk_level": "unknown", "ice_concentration": 0.0, "iceberg_proximity_km": null}, {"seg_id": "0_62", "start_lat": -50.73333, "start_lon": 106.57361, "end_lat": -50.86, "end_lon": 105.91625, "center_lat": -50.79667, "center_lon": 106.24493, "length_km": 50.42, "risk_level": "unknown", "ice_concentration": 0.0, "iceberg_proximity_km": null}, {"seg_id": "0_63", "start_lat": -50.86, "start_lon": 105.91625, "end_lat": -50.98667, "end_lon": 105.25889, "center_lat": -50.92333, "center_lon": 105.58757, "length_km": 50.42, "risk_level": "unknown", "ice_concentration": 0.0, "iceberg_proximity_km": null}, {"seg_id": "0_64", "start_lat": -50.98667, "start_lon": 105.25889, "end_lat": -51.11333, "end_lon": 104.60153, "center_lat": -51.05, "center_lon": 104.93021, "length_km": 50.42, "risk_level": "unknown", "ice_concentration": 0.0, "iceberg_proximity_km": null}, {"seg_id": "0_65", "start_lat": -51.11333, "start_lon": 104.60153, "end_lat": -51.24, "end_lon": 103.94417, "center_lat": -51.17667, "center_lon": 104.27285, "length_km": 50.42, "risk_level": "unknown", "ice_concentration": 0.0, "iceberg_proximity_km": null}, {"seg_id": "0_66", "start_lat": -51.24, "start_lon": 103.94417, "end_lat": -51.36667, "end_lon": 103.28681, "center_lat": -51.30333, "center_lon": 103.61549, "length_km": 50.42, "risk_level": "unknown", "ice_concentration": 0.0, "iceberg_proximity_km": null}, {"seg_id": "0_67", "start_lat": -51.36667, "start_lon": 103.28681, "end_lat": -51.49333, "end_lon": 102.62944, "center_lat": -51.43, "center_lon": 102.95812, "length_km": 50.42, "risk_level": "unknown", "ice_concentration": 0.0, "iceberg_proximity_km": null}, {"seg_id": "0_68", "start_lat": -51.49333, "start_lon": 102.62944, "end_lat": -51.62, "end_lon": 101.97208, "center_lat": -51.55667, "center_lon": 102.30076, "length_km": 50.42, "risk_level": "unknown", "ice_concentration": 0.0, "iceberg_proximity_km": null}, {"seg_id": "0_69", "start_lat": -51.62, "start_lon": 101.97208, "end_lat": -51.74667, "end_lon": 101.31472, "center_lat": -51.68333, "center_lon": 101.6434, "length_km": 50.42, "risk_level": "unknown", "ice_concentration": 0.0, "iceberg_proximity_km": null}, {"seg_id": "0_70", "start_lat": -51.74667, "start_lon": 101.31472, "end_lat": -51.87333, "end_lon": 100.65736, "center_lat": -51.81, "center_lon": 100.98604, "length_km": 50.42, "risk_level": "unknown", "ice_concentration": 0.0, "iceberg_proximity_km": null}, {"seg_id": "0_71", "start_lat": -51.87333, "start_lon": 100.65736, "end_lat": -52.0, "end_lon": 100.0, "center_lat": -51.93667, "center_lon": 100.32868, "length_km": 50.42, "risk_level": "unknown", "ice_concentration": 0.0, "iceberg_proximity_km": null}, {"seg_id": "1_0", "start_lat": -52.0, "start_lon": 100.0, "end_lat": -52.32, "end_lon": 99.4, "center_lat": -52.16, "center_lon": 99.7, "length_km": 51.34, "risk_level": "unknown", "ice_concentration": 0.0, "iceberg_proximity_km": null}, {"seg_id": "1_1", "start_lat": -52.32, "start_lon": 99.4, "end_lat": -52.64, "end_lon": 98.8, "center_lat": -52.48, "center_lon": 99.1, "length_km": 51.34, "risk_level": "unknown", "ice_concentration": 0.0, "iceberg_proximity_km": null}, {"seg_id": "1_2", "start_lat": -52.64, "start_lon": 98.8, "end_lat": -52.96, "end_lon": 98.2, "center_lat": -52.8, "center_lon": 98.5, "length_km": 51.34, "risk_level": "unknown", "ice_concentration": 0.0, "iceberg_proximity_km": null}, {"seg_id": "1_3", "start_lat": -52.96, "start_lon": 98.2, "end_lat": -53.28, "end_lon": 97.6, "center_lat": -53.12, "center_lon": 97.9, "length_km": 51.34, "risk_level": "unknown", "ice_concentration": 0.0, "iceberg_proximity_km": null}, {"seg_id": "1_4", "start_lat": -53.28, "start_lon": 97.6, "end_lat": -53.6, "end_lon": 97.0, "center_lat": -53.44, "center_lon": 97.3, "length_km": 51.34, "risk_level": "unknown", "ice_concentration": 0.0, "iceberg_proximity_km": null}, {"seg_id": "1_5", "start_lat": -53.6, "start_lon": 97.0, "end_lat": -53.92, "end_lon": 96.4, "center_lat": -53.76, "center_lon": 96.7, "length_km": 51.34, "risk_level": "unknown", "ice_concentration": 0.0, "iceberg_proximity_km": null}, {"seg_id": "1_6", "start_lat": -53.92, "start_lon": 96.4, "end_lat": -54.24, "end_lon": 95.8, "center_lat": -54.08, "center_lon": 96.1, "length_km": 51.34, "risk_level": "unknown", "ice_concentration": 0.0, "iceberg_proximity_km": null}, {"seg_id": "1_7", "start_lat": -54.24, "start_lon": 95.8, "end_lat": -54.56, "end_lon": 95.2, "center_lat": -54.4, "center_lon": 95.5, "length_km": 51.34, "risk_level": "unknown", "ice_concentration": 0.0, "iceberg_proximity_km": null}, {"seg_id": "1_8", "start_lat": -54.56, "start_lon": 95.2, "end_lat": -54.88, "end_lon": 94.6, "center_lat": -54.72, "center_lon": 94.9, "length_km": 51.34, "risk_level": "unknown", "ice_concentration": 0.0, "iceberg_proximity_km": null}, {"seg_id": "1_9", "start_lat": -54.88, "start_lon": 94.6, "end_lat": -55.2, "end_lon": 94.0, "center_lat": -55.04, "center_lon": 94.3, "length_km": 51.34, "risk_level": "unknown", "ice_concentration": 0.0, "iceberg_proximity_km": null}, {"seg_id": "1_10", "start_lat": -55.2, "start_lon": 94.0, "end_lat": -55.52, "end_lon": 93.4, "center_lat": -55.36, "center_lon": 93.7, "length_km": 51.34, "risk_level": "unknown", "ice_concentration": 0.0, "iceberg_proximity_km": null}, {"seg_id": "1_11", "start_lat": -55.52, "start_lon": 93.4, "end_lat": -55.84, "end_lon": 92.8, "center_lat": -55.68, "center_lon": 93.1, "length_km": 51.34, "risk_level": "unknown", "ice_concentration": 0.0, "iceberg_proximity_km": null}, {"seg_id": "1_12", "start_lat": -55.84, "start_lon": 92.8, "end_lat": -56.16, "end_lon": 92.2, "center_lat": -56.0, "center_lon": 92.5, "length_km": 51.34, "risk_level": "unknown", "ice_concentration": 0.0, "iceberg_proximity_km": null}, {"seg_id": "1_13", "start_lat": -56.16, "start_lon": 92.2, "end_lat": -56.48, "end_lon": 91.6, "center_lat": -56.32, "center_lon": 91.9, "length_km": 51.34, "risk_level": "unknown", "ice_concentration": 0.0, "iceberg_proximity_km": null}, {"seg_id": "1_14", "start_lat": -56.48, "start_lon": 91.6, "end_lat": -56.8, "end_lon": 91.0, "center_lat": -56.64, "center_lon": 91.3, "length_km": 51.34, "risk_level": "unknown", "ice_concentration": 0.0, "iceberg_proximity_km": null}, {"seg_id": "1_15", "start_lat": -56.8, "start_lon": 91.0, "end_lat": -57.12, "end_lon": 90.4, "center_lat": -56.96, "center_lon": 90.7, "length_km": 51.34, "risk_level": "unknown", "ice_concentration": 0.0, "iceberg_proximity_km": null}, {"seg_id": "1_16", "start_lat": -57.12, "start_lon": 90.4, "end_lat": -57.44, "end_lon": 89.8, "center_lat": -57.28, "center_lon": 90.1, "length_km": 51.34, "risk_level": "unknown", "ice_concentration": 0.0, "iceberg_proximity_km": null}, {"seg_id": "1_17", "start_lat": -57.44, "start_lon": 89.8, "end_lat": -57.76, "end_lon": 89.2, "center_lat": -57.6, "center_lon": 89.5, "length_km": 51.34, "risk_level": "unknown", "ice_concentration": 0.0, "iceberg_proximity_km": null}, {"seg_id": "1_18", "start_lat": -57.76, "start_lon": 89.2, "end_lat": -58.08, "end_lon": 88.6, "center_lat": -57.92, "center_lon": 88.9, "length_km": 51.34, "risk_level": "unknown", "ice_concentration": 0.0, "iceberg_proximity_km": null}, {"seg_id": "1_19", "start_lat": -58.08, "start_lon": 88.6, "end_lat": -58.4, "end_lon": 88.0, "center_lat": -58.24, "center_lon": 88.3, "length_km": 51.34, "risk_level": "unknown", "ice_concentration": 0.0, "iceberg_proximity_km": null}, {"seg_id": "1_20", "start_lat": -58.4, "start_lon": 88.0, "end_lat": -58.72, "end_lon": 87.4, "center_lat": -58.56, "center_lon": 87.7, "length_km": 51.34, "risk_level": "unknown", "ice_concentration": 0.0, "iceberg_proximity_km": null}, {"seg_id": "1_21", "start_lat": -58.72, "start_lon": 87.4, "end_lat": -59.04, "end_lon": 86.8, "center_lat": -58.88, "center_lon": 87.1, "length_km": 51.34, "risk_level": "unknown", "ice_concentration": 0.0, "iceberg_proximity_km": null}, {"seg_id": "1_22", "start_lat": -59.04, "start_lon": 86.8, "end_lat": -59.36, "end_lon": 86.2, "center_lat": -59.2, "center_lon": 86.5, "length_km": 51.34, "risk_level": "unknown", "ice_concentration": 0.0, "iceberg_proximity_km": null}, {"seg_id": "1_23", "start_lat": -59.36, "start_lon": 86.2, "end_lat": -59.68, "end_lon": 85.6, "center_lat": -59.52, "center_lon": 85.9, "length_km": 51.34, "risk_level": "unknown", "ice_concentration": 0.0, "iceberg_proximity_km": null}, {"seg_id": "1_24", "start_lat": -59.68, "start_lon": 85.6, "end_lat": -60.0, "end_lon": 85.0, "center_lat": -59.84, "center_lon": 85.3, "length_km": 51.34, "risk_level": "unknown", "ice_concentration": 0.0, "iceberg_proximity_km": null}, {"seg_id": "2_0", "start_lat": -60.0, "start_lon": 85.0, "end_lat": -60.429, "end_lon": 84.6485, "center_lat": -60.2145, "center_lon": 84.82425, "length_km": 50.55, "risk_level": "unknown", "ice_concentration": 0.0, "iceberg_proximity_km": null}, {"seg_id": "2_1", "start_lat": -60.429, "start_lon": 84.6485, "end_lat": -60.858, "end_lon": 84.297, "center_lat": -60.6435, "center_lon": 84.47275, "length_km": 50.55, "risk_level": "unknown", "ice_concentration": 0.0, "iceberg_proximity_km": null}, {"seg_id": "2_2", "start_lat": -60.858, "start_lon": 84.297, "end_lat": -61.287, "end_lon": 83.9455, "center_lat": -61.0725, "center_lon": 84.12125, "length_km": 50.55, "risk_level": "unknown", "ice_concentration": 0.0, "iceberg_proximity_km": null}, {"seg_id": "2_3", "start_lat": -61.287, "start_lon": 83.9455, "end_lat": -61.716, "end_lon": 83.594, "center_lat": -61.5015, "center_lon": 83.76975, "length_km": 50.55, "risk_level": "unknown", "ice_concentration": 0.0, "iceberg_proximity_km": null}, {"seg_id": "2_4", "start_lat": -61.716, "start_lon": 83.594, "end_lat": -62.145, "end_lon": 83.2425, "center_lat": -61.9305, "center_lon": 83.41825, "length_km": 50.55, "risk_level": "unknown", "ice_concentration": 0.0, "iceberg_proximity_km": null}, {"seg_id": "2_5", "start_lat": -62.145, "start_lon": 83.2425, "end_lat": -62.574, "end_lon": 82.891, "center_lat": -62.3595, "center_lon": 83.06675, "length_km": 50.55, "risk_level": "unknown", "ice_concentration": 0.0, "iceberg_proximity_km": null}, {"seg_id": "2_6", "start_lat": -62.574, "start_lon": 82.891, "end_lat": -63.003, "end_lon": 82.5395, "center_lat": -62.7885, "center_lon": 82.71525, "length_km": 50.55, "risk_level": "unknown", "ice_concentration": 0.0, "iceberg_proximity_km": null}, {"seg_id": "2_7", "start_lat": -63.003, "start_lon": 82.5395, "end_lat": -63.432, "end_lon": 82.188, "center_lat": -63.2175, "center_lon": 82.36375, "length_km": 50.55, "risk_level": "unknown", "ice_concentration": 0.0, "iceberg_proximity_km": null}, {"seg_id": "2_8", "start_lat": -63.432, "start_lon": 82.188, "end_lat": -63.861, "end_lon": 81.8365, "center_lat": -63.6465, "center_lon": 82.01225, "length_km": 50.55, "risk_level": "unknown", "ice_concentration": 0.0, "iceberg_proximity_km": null}, {"seg_id": "2_9", "start_lat": -63.861, "start_lon": 81.8365, "end_lat": -64.29, "end_lon": 81.485, "center_lat": -64.0755, "center_lon": 81.66075, "length_km": 50.55, "risk_level": "unknown", "ice_concentration": 0.0, "iceberg_proximity_km": null}, {"seg_id": "2_10", "start_lat": -64.29, "start_lon": 81.485, "end_lat": -64.719, "end_lon": 81.1335, "center_lat": -64.5045, "center_lon": 81.30925, "length_km": 50.55, "risk_level": "unknown", "ice_concentration": 0.0, "iceberg_proximity_km": null}, {"seg_id": "2_11", "start_lat": -64.719, "start_lon": 81.1335, "end_lat": -65.148, "end_lon": 80.782, "center_lat": -64.9335, "center_lon": 80.95775, "length_km": 50.55, "risk_level": "unknown", "ice_concentration": 0.0, "iceberg_proximity_km": null}, {"seg_id": "2_12", "start_lat": -65.148, "start_lon": 80.782, "end_lat": -65.577, "end_lon": 80.4305, "center_lat": -65.3625, "center_lon": 80.60625, "length_km": 50.55, "risk_level": "unknown", "ice_concentration": 0.0, "iceberg_proximity_km": null}, {"seg_id": "2_13", "start_lat": -65.577, "start_lon": 80.4305, "end_lat": -66.006, "end_lon": 80.079, "center_lat": -65.7915, "center_lon": 80.25475, "length_km": 50.55, "risk_level": "unknown", "ice_concentration": 0.0, "iceberg_proximity_km": null}, {"seg_id": "2_14", "start_lat": -66.006, "start_lon": 80.079, "end_lat": -66.435, "end_lon": 79.7275, "center_lat": -66.2205, "center_lon": 79.90325, "length_km": 50.55, "risk_level": "unknown", "ice_concentration": 0.0, "iceberg_proximity_km": null}, {"seg_id": "2_15", "start_lat": -66.435, "start_lon": 79.7275, "end_lat": -66.864, "end_lon": 79.376, "center_lat": -66.6495, "center_lon": 79.55175, "length_km": 50.55, "risk_level": "unknown", "ice_concentration": 0.0, "iceberg_proximity_km": null}, {"seg_id": "2_16", "start_lat": -66.864, "start_lon": 79.376, "end_lat": -67.293, "end_lon": 79.0245, "center_lat": -67.0785, "center_lon": 79.20025, "length_km": 50.55, "risk_level": "unknown", "ice_concentration": 0.0, "iceberg_proximity_km": null}, {"seg_id": "2_17", "start_lat": -67.293, "start_lon": 79.0245, "end_lat": -67.722, "end_lon": 78.673, "center_lat": -67.5075, "center_lon": 78.84875, "length_km": 50.55, "risk_level": "unknown", "ice_concentration": 0.0, "iceberg_proximity_km": null}, {"seg_id": "2_18", "start_lat": -67.722, "start_lon": 78.673, "end_lat": -68.151, "end_lon": 78.3215, "center_lat": -67.9365, "center_lon": 78.49725, "length_km": 50.55, "risk_level": "unknown", "ice_concentration": 0.0, "iceberg_proximity_km": null}, {"seg_id": "2_19", "start_lat": -68.151, "start_lon": 78.3215, "end_lat": -68.58, "end_lon": 77.97, "center_lat": -68.3655, "center_lon": 78.14575, "length_km": 50.55, "risk_level": "unknown", "ice_concentration": 0.0, "iceberg_proximity_km": null}]}, {"type": "Feature", "id": "route_chr_mcmurdo", "properties": {"name": "Christchurch \u2192 McMurdo Sound", "route_id": "route_chr_mcmurdo", "route_type": "supply", "distance_km": 3800, "typical_vessel": "icebreaker", "segment_count": 75}, "geometry": {"type": "LineString", "coordinates": [[172.63, -43.53], [170.0, -55.0], [170.0, -65.0], [171.0, -73.0], [166.67, -77.85]]}, "segments": [{"seg_id": "0_0", "start_lat": -43.53, "start_lon": 172.63, "end_lat": -43.9888, "end_lon": 172.5248, "center_lat": -43.7594, "center_lon": 172.5774, "length_km": 51.57, "risk_level": "unknown", "ice_concentration": 0.0, "iceberg_proximity_km": null}, {"seg_id": "0_1", "start_lat": -43.9888, "start_lon": 172.5248, "end_lat": -44.4476, "end_lon": 172.4196, "center_lat": -44.2182, "center_lon": 172.4722, "length_km": 51.57, "risk_level": "unknown", "ice_concentration": 0.0, "iceberg_proximity_km": null}, {"seg_id": "0_2", "start_lat": -44.4476, "start_lon": 172.4196, "end_lat": -44.9064, "end_lon": 172.3144, "center_lat": -44.677, "center_lon": 172.367, "length_km": 51.57, "risk_level": "unknown", "ice_concentration": 0.0, "iceberg_proximity_km": null}, {"seg_id": "0_3", "start_lat": -44.9064, "start_lon": 172.3144, "end_lat": -45.3652, "end_lon": 172.2092, "center_lat": -45.1358, "center_lon": 172.2618, "length_km": 51.57, "risk_level": "unknown", "ice_concentration": 0.0, "iceberg_proximity_km": null}, {"seg_id": "0_4", "start_lat": -45.3652, "start_lon": 172.2092, "end_lat": -45.824, "end_lon": 172.104, "center_lat": -45.5946, "center_lon": 172.1566, "length_km": 51.57, "risk_level": "unknown", "ice_concentration": 0.0, "iceberg_proximity_km": null}, {"seg_id": "0_5", "start_lat": -45.824, "start_lon": 172.104, "end_lat": -46.2828, "end_lon": 171.9988, "center_lat": -46.0534, "center_lon": 172.0514, "length_km": 51.57, "risk_level": "unknown", "ice_concentration": 0.0, "iceberg_proximity_km": null}, {"seg_id": "0_6", "start_lat": -46.2828, "start_lon": 171.9988, "end_lat": -46.7416, "end_lon": 171.8936, "center_lat": -46.5122, "center_lon": 171.9462, "length_km": 51.57, "risk_level": "unknown", "ice_concentration": 0.0, "iceberg_proximity_km": null}, {"seg_id": "0_7", "start_lat": -46.7416, "start_lon": 171.8936, "end_lat": -47.2004, "end_lon": 171.7884, "center_lat": -46.971, "center_lon": 171.841, "length_km": 51.57, "risk_level": "unknown", "ice_concentration": 0.0, "iceberg_proximity_km": null}, {"seg_id": "0_8", "start_lat": -47.2004, "start_lon": 171.7884, "end_lat": -47.6592, "end_lon": 171.6832, "center_lat": -47.4298, "center_lon": 171.7358, "length_km": 51.57, "risk_level": "unknown", "ice_concentration": 0.0, "iceberg_proximity_km": null}, {"seg_id": "0_9", "start_lat": -47.6592, "start_lon": 171.6832, "end_lat": -48.118, "end_lon": 171.578, "center_lat": -47.8886, "center_lon": 171.6306, "length_km": 51.57, "risk_level": "unknown", "ice_concentration": 0.0, "iceberg_proximity_km": null}, {"seg_id": "0_10", "start_lat": -48.118, "start_lon": 171.578, "end_lat": -48.5768, "end_lon": 171.4728, "center_lat": -48.3474, "center_lon": 171.5254, "length_km": 51.57, "risk_level": "unknown", "ice_concentration": 0.0, "iceberg_proximity_km": null}, {"seg_id": "0_11", "start_lat": -48.5768, "start_lon": 171.4728, "end_lat": -49.0356, "end_lon": 171.3676, "center_lat": -48.8062, "center_lon": 171.4202, "length_km": 51.57, "risk_level": "unknown", "ice_concentration": 0.0, "iceberg_proximity_km": null}, {"seg_id": "0_12", "start_lat": -49.0356, "start_lon": 171.3676, "end_lat": -49.4944, "end_lon": 171.2624, "center_lat": -49.265, "center_lon": 171.315, "length_km": 51.57, "risk_level": "unknown", "ice_concentration": 0.0, "iceberg_proximity_km": null}, {"seg_id": "0_13", "start_lat": -49.4944, "start_lon": 171.2624, "end_lat": -49.9532, "end_lon": 171.1572, "center_lat": -49.7238, "center_lon": 171.2098, "length_km": 51.57, "risk_level": "unknown", "ice_concentration": 0.0, "iceberg_proximity_km": null}, {"seg_id": "0_14", "start_lat": -49.9532, "start_lon": 171.1572, "end_lat": -50.412, "end_lon": 171.052, "center_lat": -50.1826, "center_lon": 171.1046, "length_km": 51.57, "risk_level": "unknown", "ice_concentration": 0.0, "iceberg_proximity_km": null}, {"seg_id": "0_15", "start_lat": -50.412, "start_lon": 171.052, "end_lat": -50.8708, "end_lon": 170.9468, "center_lat": -50.6414, "center_lon": 170.9994, "length_km": 51.57, "risk_level": "unknown", "ice_concentration": 0.0, "iceberg_proximity_km": null}, {"seg_id": "0_16", "start_lat": -50.8708, "start_lon": 170.9468, "end_lat": -51.3296, "end_lon": 170.8416, "center_lat": -51.1002, "center_lon": 170.8942, "length_km": 51.57, "risk_level": "unknown", "ice_concentration": 0.0, "iceberg_proximity_km": null}, {"seg_id": "0_17", "start_lat": -51.3296, "start_lon": 170.8416, "end_lat": -51.7884, "end_lon": 170.7364, "center_lat": -51.559, "center_lon": 170.789, "length_km": 51.57, "risk_level": "unknown", "ice_concentration": 0.0, "iceberg_proximity_km": null}, {"seg_id": "0_18", "start_lat": -51.7884, "start_lon": 170.7364, "end_lat": -52.2472, "end_lon": 170.6312, "center_lat": -52.0178, "center_lon": 170.6838, "length_km": 51.57, "risk_level": "unknown", "ice_concentration": 0.0, "iceberg_proximity_km": null}, {"seg_id": "0_19", "start_lat": -52.2472, "start_lon": 170.6312, "end_lat": -52.706, "end_lon": 170.526, "center_lat": -52.4766, "center_lon": 170.5786, "length_km": 51.57, "risk_level": "unknown", "ice_concentration": 0.0, "iceberg_proximity_km": null}, {"seg_id": "0_20", "start_lat": -52.706, "start_lon": 170.526, "end_lat": -53.1648, "end_lon": 170.4208, "center_lat": -52.9354, "center_lon": 170.4734, "length_km": 51.57, "risk_level": "unknown", "ice_concentration": 0.0, "iceberg_proximity_km": null}, {"seg_id": "0_21", "start_lat": -53.1648, "start_lon": 170.4208, "end_lat": -53.6236, "end_lon": 170.3156, "center_lat": -53.3942, "center_lon": 170.3682, "length_km": 51.57, "risk_level": "unknown", "ice_concentration": 0.0, "iceberg_proximity_km": null}, {"seg_id": "0_22", "start_lat": -53.6236, "start_lon": 170.3156, "end_lat": -54.0824, "end_lon": 170.2104, "center_lat": -53.853, "center_lon": 170.263, "length_km": 51.57, "risk_level": "unknown", "ice_concentration": 0.0, "iceberg_proximity_km": null}, {"seg_id": "0_23", "start_lat": -54.0824, "start_lon": 170.2104, "end_lat": -54.5412, "end_lon": 170.1052, "center_lat": -54.3118, "center_lon": 170.1578, "length_km": 51.57, "risk_level": "unknown", "ice_concentration": 0.0, "iceberg_proximity_km": null}, {"seg_id": "0_24", "start_lat": -54.5412, "start_lon": 170.1052, "end_lat": -55.0, "end_lon": 170.0, "center_lat": -54.7706, "center_lon": 170.0526, "length_km": 51.57, "risk_level": "unknown", "ice_concentration": 0.0, "iceberg_proximity_km": null}, {"seg_id": "1_0", "start_lat": -55.0, "start_lon": 170.0, "end_lat": -55.45455, "end_lon": 170.0, "center_lat": -55.22727, "center_lon": 170.0, "length_km": 50.54, "risk_level": "unknown", "ice_concentration": 0.0, "iceberg_proximity_km": null}, {"seg_id": "1_1", "start_lat": -55.45455, "start_lon": 170.0, "end_lat": -55.90909, "end_lon": 170.0, "center_lat": -55.68182, "center_lon": 170.0, "length_km": 50.54, "risk_level": "unknown", "ice_concentration": 0.0, "iceberg_proximity_km": null}, {"seg_id": "1_2", "start_lat": -55.90909, "start_lon": 170.0, "end_lat": -56.36364, "end_lon": 170.0, "center_lat": -56.13636, "center_lon": 170.0, "length_km": 50.54, "risk_level": "unknown", "ice_concentration": 0.0, "iceberg_proximity_km": null}, {"seg_id": "1_3", "start_lat": -56.36364, "start_lon": 170.0, "end_lat": -56.81818, "end_lon": 170.0, "center_lat": -56.59091, "center_lon": 170.0, "length_km": 50.54, "risk_level": "unknown", "ice_concentration": 0.0, "iceberg_proximity_km": null}, {"seg_id": "1_4", "start_lat": -56.81818, "start_lon": 170.0, "end_lat": -57.27273, "end_lon": 170.0, "center_lat": -57.04545, "center_lon": 170.0, "length_km": 50.54, "risk_level": "unknown", "ice_concentration": 0.0, "iceberg_proximity_km": null}, {"seg_id": "1_5", "start_lat": -57.27273, "start_lon": 170.0, "end_lat": -57.72727, "end_lon": 170.0, "center_lat": -57.5, "center_lon": 170.0, "length_km": 50.54, "risk_level": "unknown", "ice_concentration": 0.0, "iceberg_proximity_km": null}, {"seg_id": "1_6", "start_lat": -57.72727, "start_lon": 170.0, "end_lat": -58.18182, "end_lon": 170.0, "center_lat": -57.95455, "center_lon": 170.0, "length_km": 50.54, "risk_level": "unknown", "ice_concentration": 0.0, "iceberg_proximity_km": null}, {"seg_id": "1_7", "start_lat": -58.18182, "start_lon": 170.0, "end_lat": -58.63636, "end_lon": 170.0, "center_lat": -58.40909, "center_lon": 170.0, "length_km": 50.54, "risk_level": "unknown", "ice_concentration": 0.0, "iceberg_proximity_km": null}, {"seg_id": "1_8", "start_lat": -58.63636, "start_lon": 170.0, "end_lat": -59.09091, "end_lon": 170.0, "center_lat": -58.86364, "center_lon": 170.0, "length_km": 50.54, "risk_level": "unknown", "ice_concentration": 0.0, "iceberg_proximity_km": null}, {"seg_id": "1_9", "start_lat": -59.09091, "start_lon": 170.0, "end_lat": -59.54545, "end_lon": 170.0, "center_lat": -59.31818, "center_lon": 170.0, "length_km": 50.54, "risk_level": "unknown", "ice_concentration": 0.0, "iceberg_proximity_km": null}, {"seg_id": "1_10", "start_lat": -59.54545, "start_lon": 170.0, "end_lat": -60.0, "end_lon": 170.0, "center_lat": -59.77273, "center_lon": 170.0, "length_km": 50.54, "risk_level": "unknown", "ice_concentration": 0.0, "iceberg_proximity_km": null}, {"seg_id": "1_11", "start_lat": -60.0, "start_lon": 170.0, "end_lat": -60.45455, "end_lon": 170.0, "center_lat": -60.22727, "center_lon": 170.0, "length_km": 50.54, "risk_level": "unknown", "ice_concentration": 0.0, "iceberg_proximity_km": null}, {"seg_id": "1_12", "start_lat": -60.45455, "start_lon": 170.0, "end_lat": -60.90909, "end_lon": 170.0, "center_lat": -60.68182, "center_lon": 170.0, "length_km": 50.54, "risk_level": "unknown", "ice_concentration": 0.0, "iceberg_proximity_km": null}, {"seg_id": "1_13", "start_lat": -60.90909, "start_lon": 170.0, "end_lat": -61.36364, "end_lon": 170.0, "center_lat": -61.13636, "center_lon": 170.0, "length_km": 50.54, "risk_level": "unknown", "ice_concentration": 0.0, "iceberg_proximity_km": null}, {"seg_id": "1_14", "start_lat": -61.36364, "start_lon": 170.0, "end_lat": -61.81818, "end_lon": 170.0, "center_lat": -61.59091, "center_lon": 170.0, "length_km": 50.54, "risk_level": "unknown", "ice_concentration": 0.0, "iceberg_proximity_km": null}, {"seg_id": "1_15", "start_lat": -61.81818, "start_lon": 170.0, "end_lat": -62.27273, "end_lon": 170.0, "center_lat": -62.04545, "center_lon": 170.0, "length_km": 50.54, "risk_level": "unknown", "ice_concentration": 0.0, "iceberg_proximity_km": null}, {"seg_id": "1_16", "start_lat": -62.27273, "start_lon": 170.0, "end_lat": -62.72727, "end_lon": 170.0, "center_lat": -62.5, "center_lon": 170.0, "length_km": 50.54, "risk_level": "unknown", "ice_concentration": 0.0, "iceberg_proximity_km": null}, {"seg_id": "1_17", "start_lat": -62.72727, "start_lon": 170.0, "end_lat": -63.18182, "end_lon": 170.0, "center_lat": -62.95455, "center_lon": 170.0, "length_km": 50.54, "risk_level": "unknown", "ice_concentration": 0.0, "iceberg_proximity_km": null}, {"seg_id": "1_18", "start_lat": -63.18182, "start_lon": 170.0, "end_lat": -63.63636, "end_lon": 170.0, "center_lat": -63.40909, "center_lon": 170.0, "length_km": 50.54, "risk_level": "unknown", "ice_concentration": 0.0, "iceberg_proximity_km": null}, {"seg_id": "1_19", "start_lat": -63.63636, "start_lon": 170.0, "end_lat": -64.09091, "end_lon": 170.0, "center_lat": -63.86364, "center_lon": 170.0, "length_km": 50.54, "risk_level": "unknown", "ice_concentration": 0.0, "iceberg_proximity_km": null}, {"seg_id": "1_20", "start_lat": -64.09091, "start_lon": 170.0, "end_lat": -64.54545, "end_lon": 170.0, "center_lat": -64.31818, "center_lon": 170.0, "length_km": 50.54, "risk_level": "unknown", "ice_concentration": 0.0, "iceberg_proximity_km": null}, {"seg_id": "1_21", "start_lat": -64.54545, "start_lon": 170.0, "end_lat": -65.0, "end_lon": 170.0, "center_lat": -64.77273, "center_lon": 170.0, "length_km": 50.54, "risk_level": "unknown", "ice_concentration": 0.0, "iceberg_proximity_km": null}, {"seg_id": "2_0", "start_lat": -65.0, "start_lon": 170.0, "end_lat": -65.47059, "end_lon": 170.05882, "center_lat": -65.23529, "center_lon": 170.02941, "length_km": 52.38, "risk_level": "unknown", "ice_concentration": 0.0, "iceberg_proximity_km": null}, {"seg_id": "2_1", "start_lat": -65.47059, "start_lon": 170.05882, "end_lat": -65.94118, "end_lon": 170.11765, "center_lat": -65.70588, "center_lon": 170.08824, "length_km": 52.38, "risk_level": "unknown", "ice_concentration": 0.0, "iceberg_proximity_km": null}, {"seg_id": "2_2", "start_lat": -65.94118, "start_lon": 170.11765, "end_lat": -66.41176, "end_lon": 170.17647, "center_lat": -66.17647, "center_lon": 170.14706, "length_km": 52.38, "risk_level": "unknown", "ice_concentration": 0.0, "iceberg_proximity_km": null}, {"seg_id": "2_3", "start_lat": -66.41176, "start_lon": 170.17647, "end_lat": -66.88235, "end_lon": 170.23529, "center_lat": -66.64706, "center_lon": 170.20588, "length_km": 52.38, "risk_level": "unknown", "ice_concentration": 0.0, "iceberg_proximity_km": null}, {"seg_id": "2_4", "start_lat": -66.88235, "start_lon": 170.23529, "end_lat": -67.35294, "end_lon": 170.29412, "center_lat": -67.11765, "center_lon": 170.26471, "length_km": 52.38, "risk_level": "unknown", "ice_concentration": 0.0, "iceberg_proximity_km": null}, {"seg_id": "2_5", "start_lat": -67.35294, "start_lon": 170.29412, "end_lat": -67.82353, "end_lon": 170.35294, "center_lat": -67.58824, "center_lon": 170.32353, "length_km": 52.38, "risk_level": "unknown", "ice_concentration": 0.0, "iceberg_proximity_km": null}, {"seg_id": "2_6", "start_lat": -67.82353, "start_lon": 170.35294, "end_lat": -68.29412, "end_lon": 170.41176, "center_lat": -68.05882, "center_lon": 170.38235, "length_km": 52.38, "risk_level": "unknown", "ice_concentration": 0.0, "iceberg_proximity_km": null}, {"seg_id": "2_7", "start_lat": -68.29412, "start_lon": 170.41176, "end_lat": -68.76471, "end_lon": 170.47059, "center_lat": -68.52941, "center_lon": 170.44118, "length_km": 52.38, "risk_level": "unknown", "ice_concentration": 0.0, "iceberg_proximity_km": null}, {"seg_id": "2_8", "start_lat": -68.76471, "start_lon": 170.47059, "end_lat": -69.23529, "end_lon": 170.52941, "center_lat": -69.0, "center_lon": 170.5, "length_km": 52.38, "risk_level": "unknown", "ice_concentration": 0.0, "iceberg_proximity_km": null}, {"seg_id": "2_9", "start_lat": -69.23529, "start_lon": 170.52941, "end_lat": -69.70588, "end_lon": 170.58824, "center_lat": -69.47059, "center_lon": 170.55882, "length_km": 52.38, "risk_level": "unknown", "ice_concentration": 0.0, "iceberg_proximity_km": null}, {"seg_id": "2_10", "start_lat": -69.70588, "start_lon": 170.58824, "end_lat": -70.17647, "end_lon": 170.64706, "center_lat": -69.94118, "center_lon": 170.61765, "length_km": 52.38, "risk_level": "unknown", "ice_concentration": 0.0, "iceberg_proximity_km": null}, {"seg_id": "2_11", "start_lat": -70.17647, "start_lon": 170.64706, "end_lat": -70.64706, "end_lon": 170.70588, "center_lat": -70.41176, "center_lon": 170.67647, "length_km": 52.38, "risk_level": "unknown", "ice_concentration": 0.0, "iceberg_proximity_km": null}, {"seg_id": "2_12", "start_lat": -70.64706, "start_lon": 170.70588, "end_lat": -71.11765, "end_lon": 170.76471, "center_lat": -70.88235, "center_lon": 170.73529, "length_km": 52.38, "risk_level": "unknown", "ice_concentration": 0.0, "iceberg_proximity_km": null}, {"seg_id": "2_13", "start_lat": -71.11765, "start_lon": 170.76471, "end_lat": -71.58824, "end_lon": 170.82353, "center_lat": -71.35294, "center_lon": 170.79412, "length_km": 52.38, "risk_level": "unknown", "ice_concentration": 0.0, "iceberg_proximity_km": null}, {"seg_id": "2_14", "start_lat": -71.58824, "start_lon": 170.82353, "end_lat": -72.05882, "end_lon": 170.88235, "center_lat": -71.82353, "center_lon": 170.85294, "length_km": 52.38, "risk_level": "unknown", "ice_concentration": 0.0, "iceberg_proximity_km": null}, {"seg_id": "2_15", "start_lat": -72.05882, "start_lon": 170.88235, "end_lat": -72.52941, "end_lon": 170.94118, "center_lat": -72.29412, "center_lon": 170.91176, "length_km": 52.38, "risk_level": "unknown", "ice_concentration": 0.0, "iceberg_proximity_km": null}, {"seg_id": "2_16", "start_lat": -72.52941, "start_lon": 170.94118, "end_lat": -73.0, "end_lon": 171.0, "center_lat": -72.76471, "center_lon": 170.97059, "length_km": 52.38, "risk_level": "unknown", "ice_concentration": 0.0, "iceberg_proximity_km": null}, {"seg_id": "3_0", "start_lat": -73.0, "start_lon": 171.0, "end_lat": -73.44091, "end_lon": 170.60636, "center_lat": -73.22045, "center_lon": 170.80318, "length_km": 50.22, "risk_level": "unknown", "ice_concentration": 0.0, "iceberg_proximity_km": null}, {"seg_id": "3_1", "start_lat": -73.44091, "start_lon": 170.60636, "end_lat": -73.88182, "end_lon": 170.21273, "center_lat": -73.66136, "center_lon": 170.40955, "length_km": 50.22, "risk_level": "unknown", "ice_concentration": 0.0, "iceberg_proximity_km": null}, {"seg_id": "3_2", "start_lat": -73.88182, "start_lon": 170.21273, "end_lat": -74.32273, "end_lon": 169.81909, "center_lat": -74.10227, "center_lon": 170.01591, "length_km": 50.22, "risk_level": "unknown", "ice_concentration": 0.0, "iceberg_proximity_km": null}, {"seg_id": "3_3", "start_lat": -74.32273, "start_lon": 169.81909, "end_lat": -74.76364, "end_lon": 169.42545, "center_lat": -74.54318, "center_lon": 169.62227, "length_km": 50.22, "risk_level": "unknown", "ice_concentration": 0.0, "iceberg_proximity_km": null}, {"seg_id": "3_4", "start_lat": -74.76364, "start_lon": 169.42545, "end_lat": -75.20455, "end_lon": 169.03182, "center_lat": -74.98409, "center_lon": 169.22864, "length_km": 50.22, "risk_level": "unknown", "ice_concentration": 0.0, "iceberg_proximity_km": null}, {"seg_id": "3_5", "start_lat": -75.20455, "start_lon": 169.03182, "end_lat": -75.64545, "end_lon": 168.63818, "center_lat": -75.425, "center_lon": 168.835, "length_km": 50.22, "risk_level": "unknown", "ice_concentration": 0.0, "iceberg_proximity_km": null}, {"seg_id": "3_6", "start_lat": -75.64545, "start_lon": 168.63818, "end_lat": -76.08636, "end_lon": 168.24455, "center_lat": -75.86591, "center_lon": 168.44136, "length_km": 50.22, "risk_level": "unknown", "ice_concentration": 0.0, "iceberg_proximity_km": null}, {"seg_id": "3_7", "start_lat": -76.08636, "start_lon": 168.24455, "end_lat": -76.52727, "end_lon": 167.85091, "center_lat": -76.30682, "center_lon": 168.04773, "length_km": 50.22, "risk_level": "unknown", "ice_concentration": 0.0, "iceberg_proximity_km": null}, {"seg_id": "3_8", "start_lat": -76.52727, "start_lon": 167.85091, "end_lat": -76.96818, "end_lon": 167.45727, "center_lat": -76.74773, "center_lon": 167.65409, "length_km": 50.22, "risk_level": "unknown", "ice_concentration": 0.0, "iceberg_proximity_km": null}, {"seg_id": "3_9", "start_lat": -76.96818, "start_lon": 167.45727, "end_lat": -77.40909, "end_lon": 167.06364, "center_lat": -77.18864, "center_lon": 167.26045, "length_km": 50.22, "risk_level": "unknown", "ice_concentration": 0.0, "iceberg_proximity_km": null}, {"seg_id": "3_10", "start_lat": -77.40909, "start_lon": 167.06364, "end_lat": -77.85, "end_lon": 166.67, "center_lat": -77.62955, "center_lon": 166.86682, "length_km": 50.22, "risk_level": "unknown", "ice_concentration": 0.0, "iceberg_proximity_km": null}]}, {"type": "Feature", "id": "route_ba_carlini", "properties": {"name": "Buenos Aires \u2192 Carlini Station", "route_id": "route_ba_carlini", "route_type": "supply", "distance_km": 3200, "typical_vessel": "supply", "segment_count": 62}, "geometry": {"type": "LineString", "coordinates": [[-58.37, -34.61], [-60.0, -45.0], [-58.0, -54.0], [-55.0, -58.0], [-58.67, -62.24]]}, "segments": [{"seg_id": "0_0", "start_lat": -34.61, "start_lon": -58.37, "end_lat": -35.06174, "end_lon": -58.44087, "center_lat": -34.83587, "center_lon": -58.40543, "length_km": 50.59, "risk_level": "unknown", "ice_concentration": 0.0, "iceberg_proximity_km": null}, {"seg_id": "0_1", "start_lat": -35.06174, "start_lon": -58.44087, "end_lat": -35.51348, "end_lon": -58.51174, "center_lat": -35.28761, "center_lon": -58.4763, "length_km": 50.59, "risk_level": "unknown", "ice_concentration": 0.0, "iceberg_proximity_km": null}, {"seg_id": "0_2", "start_lat": -35.51348, "start_lon": -58.51174, "end_lat": -35.96522, "end_lon": -58.58261, "center_lat": -35.73935, "center_lon": -58.54717, "length_km": 50.59, "risk_level": "unknown", "ice_concentration": 0.0, "iceberg_proximity_km": null}, {"seg_id": "0_3", "start_lat": -35.96522, "start_lon": -58.58261, "end_lat": -36.41696, "end_lon": -58.65348, "center_lat": -36.19109, "center_lon": -58.61804, "length_km": 50.59, "risk_level": "unknown", "ice_concentration": 0.0, "iceberg_proximity_km": null}, {"seg_id": "0_4", "start_lat": -36.41696, "start_lon": -58.65348, "end_lat": -36.8687, "end_lon": -58.72435, "center_lat": -36.64283, "center_lon": -58.68891, "length_km": 50.59, "risk_level": "unknown", "ice_concentration": 0.0, "iceberg_proximity_km": null}, {"seg_id": "0_5", "start_lat": -36.8687, "start_lon": -58.72435, "end_lat": -37.32043, "end_lon": -58.79522, "center_lat": -37.09457, "center_lon": -58.75978, "length_km": 50.59, "risk_level": "unknown", "ice_concentration": 0.0, "iceberg_proximity_km": null}, {"seg_id": "0_6", "start_lat": -37.32043, "start_lon": -58.79522, "end_lat": -37.77217, "end_lon": -58.86609, "center_lat": -37.5463, "center_lon": -58.83065, "length_km": 50.59, "risk_level": "unknown", "ice_concentration": 0.0, "iceberg_proximity_km": null}, {"seg_id": "0_7", "start_lat": -37.77217, "start_lon": -58.86609, "end_lat": -38.22391, "end_lon": -58.93696, "center_lat": -37.99804, "center_lon": -58.90152, "length_km": 50.59, "risk_level": "unknown", "ice_concentration": 0.0, "iceberg_proximity_km": null}, {"seg_id": "0_8", "start_lat": -38.22391, "start_lon": -58.93696, "end_lat": -38.67565, "end_lon": -59.00783, "center_lat": -38.44978, "center_lon": -58.97239, "length_km": 50.59, "risk_level": "unknown", "ice_concentration": 0.0, "iceberg_proximity_km": null}, {"seg_id": "0_9", "start_lat": -38.67565, "start_lon": -59.00783, "end_lat": -39.12739, "end_lon": -59.0787, "center_lat": -38.90152, "center_lon": -59.04326, "length_km": 50.59, "risk_level": "unknown", "ice_concentration": 0.0, "iceberg_proximity_km": null}, {"seg_id": "0_10", "start_lat": -39.12739, "start_lon": -59.0787, "end_lat": -39.57913, "end_lon": -59.14957, "center_lat": -39.35326, "center_lon": -59.11413, "length_km": 50.59, "risk_level": "unknown", "ice_concentration": 0.0, "iceberg_proximity_km": null}, {"seg_id": "0_11", "start_lat": -39.57913, "start_lon": -59.14957, "end_lat": -40.03087, "end_lon": -59.22043, "center_lat": -39.805, "center_lon": -59.185, "length_km": 50.59, "risk_level": "unknown", "ice_concentration": 0.0, "iceberg_proximity_km": null}, {"seg_id": "0_12", "start_lat": -40.03087, "start_lon": -59.22043, "end_lat": -40.48261, "end_lon": -59.2913, "center_lat": -40.25674, "center_lon": -59.25587, "length_km": 50.59, "risk_level": "unknown", "ice_concentration": 0.0, "iceberg_proximity_km": null}, {"seg_id": "0_13", "start_lat": -40.48261, "start_lon": -59.2913, "end_lat": -40.93435, "end_lon": -59.36217, "center_lat": -40.70848, "center_lon": -59.32674, "length_km": 50.59, "risk_level": "unknown", "ice_concentration": 0.0, "iceberg_proximity_km": null}, {"seg_id": "0_14", "start_lat": -40.93435, "start_lon": -59.36217, "end_lat": -41.38609, "end_lon": -59.43304, "center_lat": -41.16022, "center_lon": -59.39761, "length_km": 50.59, "risk_level": "unknown", "ice_concentration": 0.0, "iceberg_proximity_km": null}, {"seg_id": "0_15", "start_lat": -41.38609, "start_lon": -59.43304, "end_lat": -41.83783, "end_lon": -59.50391, "center_lat": -41.61196, "center_lon": -59.46848, "length_km": 50.59, "risk_level": "unknown", "ice_concentration": 0.0, "iceberg_proximity_km": null}, {"seg_id": "0_16", "start_lat": -41.83783, "start_lon": -59.50391, "end_lat": -42.28957, "end_lon": -59.57478, "center_lat": -42.0637, "center_lon": -59.53935, "length_km": 50.59, "risk_level": "unknown", "ice_concentration": 0.0, "iceberg_proximity_km": null}, {"seg_id": "0_17", "start_lat": -42.28957, "start_lon": -59.57478, "end_lat": -42.7413, "end_lon": -59.64565, "center_lat": -42.51543, "center_lon": -59.61022, "length_km": 50.59, "risk_level": "unknown", "ice_concentration": 0.0, "iceberg_proximity_km": null}, {"seg_id": "0_18", "start_lat": -42.7413, "start_lon": -59.64565, "end_lat": -43.19304, "end_lon": -59.71652, "center_lat": -42.96717, "center_lon": -59.68109, "length_km": 50.59, "risk_level": "unknown", "ice_concentration": 0.0, "iceberg_proximity_km": null}, {"seg_id": "0_19", "start_lat": -43.19304, "start_lon": -59.71652, "end_lat": -43.64478, "end_lon": -59.78739, "center_lat": -43.41891, "center_lon": -59.75196, "length_km": 50.59, "risk_level": "unknown", "ice_concentration": 0.0, "iceberg_proximity_km": null}, {"seg_id": "0_20", "start_lat": -43.64478, "start_lon": -59.78739, "end_lat": -44.09652, "end_lon": -59.85826, "center_lat": -43.87065, "center_lon": -59.82283, "length_km": 50.59, "risk_level": "unknown", "ice_concentration": 0.0, "iceberg_proximity_km": null}, {"seg_id": "0_21", "start_lat": -44.09652, "start_lon": -59.85826, "end_lat": -44.54826, "end_lon": -59.92913, "center_lat": -44.32239, "center_lon": -59.8937, "length_km": 50.59, "risk_level": "unknown", "ice_concentration": 0.0, "iceberg_proximity_km": null}, {"seg_id": "0_22", "start_lat": -44.54826, "start_lon": -59.92913, "end_lat": -45.0, "end_lon": -60.0, "center_lat": -44.77413, "center_lon": -59.96457, "length_km": 50.59, "risk_level": "unknown", "ice_concentration": 0.0, "iceberg_proximity_km": null}, {"seg_id": "1_0", "start_lat": -45.0, "start_lon": -60.0, "end_lat": -45.45, "end_lon": -59.9, "center_lat": -45.225, "center_lon": -59.95, "length_km": 50.55, "risk_level": "unknown", "ice_concentration": 0.0, "iceberg_proximity_km": null}, {"seg_id": "1_1", "start_lat": -45.45, "start_lon": -59.9, "end_lat": -45.9, "end_lon": -59.8, "center_lat": -45.675, "center_lon": -59.85, "length_km": 50.55, "risk_level": "unknown", "ice_concentration": 0.0, "iceberg_proximity_km": null}, {"seg_id": "1_2", "start_lat": -45.9, "start_lon": -59.8, "end_lat": -46.35, "end_lon": -59.7, "center_lat": -46.125, "center_lon": -59.75, "length_km": 50.55, "risk_level": "unknown", "ice_concentration": 0.0, "iceberg_proximity_km": null}, {"seg_id": "1_3", "start_lat": -46.35, "start_lon": -59.7, "end_lat": -46.8, "end_lon": -59.6, "center_lat": -46.575, "center_lon": -59.65, "length_km": 50.55, "risk_level": "unknown", "ice_concentration": 0.0, "iceberg_proximity_km": null}, {"seg_id": "1_4", "start_lat": -46.8, "start_lon": -59.6, "end_lat": -47.25, "end_lon": -59.5, "center_lat": -47.025, "center_lon": -59.55, "length_km": 50.55, "risk_level": "unknown", "ice_concentration": 0.0, "iceberg_proximity_km": null}, {"seg_id": "1_5", "start_lat": -47.25, "start_lon": -59.5, "end_lat": -47.7, "end_lon": -59.4, "center_lat": -47.475, "center_lon": -59.45, "length_km": 50.55, "risk_level": "unknown", "ice_concentration": 0.0, "iceberg_proximity_km": null}, {"seg_id": "1_6", "start_lat": -47.7, "start_lon": -59.4, "end_lat": -48.15, "end_lon": -59.3, "center_lat": -47.925, "center_lon": -59.35, "length_km": 50.55, "risk_level": "unknown", "ice_concentration": 0.0, "iceberg_proximity_km": null}, {"seg_id": "1_7", "start_lat": -48.15, "start_lon": -59.3, "end_lat": -48.6, "end_lon": -59.2, "center_lat": -48.375, "center_lon": -59.25, "length_km": 50.55, "risk_level": "unknown", "ice_concentration": 0.0, "iceberg_proximity_km": null}, {"seg_id": "1_8", "start_lat": -48.6, "start_lon": -59.2, "end_lat": -49.05, "end_lon": -59.1, "center_lat": -48.825, "center_lon": -59.15, "length_km": 50.55, "risk_level": "unknown", "ice_concentration": 0.0, "iceberg_proximity_km": null}, {"seg_id": "1_9", "start_lat": -49.05, "start_lon": -59.1, "end_lat": -49.5, "end_lon": -59.0, "center_lat": -49.275, "center_lon": -59.05, "length_km": 50.55, "risk_level": "unknown", "ice_concentration": 0.0, "iceberg_proximity_km": null}, {"seg_id": "1_10", "start_lat": -49.5, "start_lon": -59.0, "end_lat": -49.95, "end_lon": -58.9, "center_lat": -49.725, "center_lon": -58.95, "length_km": 50.55, "risk_level": "unknown", "ice_concentration": 0.0, "iceberg_proximity_km": null}, {"seg_id": "1_11", "start_lat": -49.95, "start_lon": -58.9, "end_lat": -50.4, "end_lon": -58.8, "center_lat": -50.175, "center_lon": -58.85, "length_km": 50.55, "risk_level": "unknown", "ice_concentration": 0.0, "iceberg_proximity_km": null}, {"seg_id": "1_12", "start_lat": -50.4, "start_lon": -58.8, "end_lat": -50.85, "end_lon": -58.7, "center_lat": -50.625, "center_lon": -58.75, "length_km": 50.55, "risk_level": "unknown", "ice_concentration": 0.0, "iceberg_proximity_km": null}, {"seg_id": "1_13", "start_lat": -50.85, "start_lon": -58.7, "end_lat": -51.3, "end_lon": -58.6, "center_lat": -51.075, "center_lon": -58.65, "length_km": 50.55, "risk_level": "unknown", "ice_concentration": 0.0, "iceberg_proximity_km": null}, {"seg_id": "1_14", "start_lat": -51.3, "start_lon": -58.6, "end_lat": -51.75, "end_lon": -58.5, "center_lat": -51.525, "center_lon": -58.55, "length_km": 50.55, "risk_level": "unknown", "ice_concentration": 0.0, "iceberg_proximity_km": null}, {"seg_id": "1_15", "start_lat": -51.75, "start_lon": -58.5, "end_lat": -52.2, "end_lon": -58.4, "center_lat": -51.975, "center_lon": -58.45, "length_km": 50.55, "risk_level": "unknown", "ice_concentration": 0.0, "iceberg_proximity_km": null}, {"seg_id": "1_16", "start_lat": -52.2, "start_lon": -58.4, "end_lat": -52.65, "end_lon": -58.3, "center_lat": -52.425, "center_lon": -58.35, "length_km": 50.55, "risk_level": "unknown", "ice_concentration": 0.0, "iceberg_proximity_km": null}, {"seg_id": "1_17", "start_lat": -52.65, "start_lon": -58.3, "end_lat": -53.1, "end_lon": -58.2, "center_lat": -52.875, "center_lon": -58.25, "length_km": 50.55, "risk_level": "unknown", "ice_concentration": 0.0, "iceberg_proximity_km": null}, {"seg_id": "1_18", "start_lat": -53.1, "start_lon": -58.2, "end_lat": -53.55, "end_lon": -58.1, "center_lat": -53.325, "center_lon": -58.15, "length_km": 50.55, "risk_level": "unknown", "ice_concentration": 0.0, "iceberg_proximity_km": null}, {"seg_id": "1_19", "start_lat": -53.55, "start_lon": -58.1, "end_lat": -54.0, "end_lon": -58.0, "center_lat": -53.775, "center_lon": -58.05, "length_km": 50.55, "risk_level": "unknown", "ice_concentration": 0.0, "iceberg_proximity_km": null}, {"seg_id": "2_0", "start_lat": -54.0, "start_lon": -58.0, "end_lat": -54.44444, "end_lon": -57.66667, "center_lat": -54.22222, "center_lon": -57.83333, "length_km": 53.58, "risk_level": "unknown", "ice_concentration": 0.0, "iceberg_proximity_km": null}, {"seg_id": "2_1", "start_lat": -54.44444, "start_lon": -57.66667, "end_lat": -54.88889, "end_lon": -57.33333, "center_lat": -54.66667, "center_lon": -57.5, "length_km": 53.58, "risk_level": "unknown", "ice_concentration": 0.0, "iceberg_proximity_km": null}, {"seg_id": "2_2", "start_lat": -54.88889, "start_lon": -57.33333, "end_lat": -55.33333, "end_lon": -57.0, "center_lat": -55.11111, "center_lon": -57.16667, "length_km": 53.58, "risk_level": "unknown", "ice_concentration": 0.0, "iceberg_proximity_km": null}, {"seg_id": "2_3", "start_lat": -55.33333, "start_lon": -57.0, "end_lat": -55.77778, "end_lon": -56.66667, "center_lat": -55.55556, "center_lon": -56.83333, "length_km": 53.58, "risk_level": "unknown", "ice_concentration": 0.0, "iceberg_proximity_km": null}, {"seg_id": "2_4", "start_lat": -55.77778, "start_lon": -56.66667, "end_lat": -56.22222, "end_lon": -56.33333, "center_lat": -56.0, "center_lon": -56.5, "length_km": 53.58, "risk_level": "unknown", "ice_concentration": 0.0, "iceberg_proximity_km": null}, {"seg_id": "2_5", "start_lat": -56.22222, "start_lon": -56.33333, "end_lat": -56.66667, "end_lon": -56.0, "center_lat": -56.44444, "center_lon": -56.16667, "length_km": 53.58, "risk_level": "unknown", "ice_concentration": 0.0, "iceberg_proximity_km": null}, {"seg_id": "2_6", "start_lat": -56.66667, "start_lon": -56.0, "end_lat": -57.11111, "end_lon": -55.66667, "center_lat": -56.88889, "center_lon": -55.83333, "length_km": 53.58, "risk_level": "unknown", "ice_concentration": 0.0, "iceberg_proximity_km": null}, {"seg_id": "2_7", "start_lat": -57.11111, "start_lon": -55.66667, "end_lat": -57.55556, "end_lon": -55.33333, "center_lat": -57.33333, "center_lon": -55.5, "length_km": 53.58, "risk_level": "unknown", "ice_concentration": 0.0, "iceberg_proximity_km": null}, {"seg_id": "2_8", "start_lat": -57.55556, "start_lon": -55.33333, "end_lat": -58.0, "end_lon": -55.0, "center_lat": -57.77778, "center_lon": -55.16667, "length_km": 53.58, "risk_level": "unknown", "ice_concentration": 0.0, "iceberg_proximity_km": null}, {"seg_id": "3_0", "start_lat": -58.0, "start_lon": -55.0, "end_lat": -58.424, "end_lon": -55.367, "center_lat": -58.212, "center_lon": -55.1835, "length_km": 51.32, "risk_level": "unknown", "ice_concentration": 0.0, "iceberg_proximity_km": null}, {"seg_id": "3_1", "start_lat": -58.424, "start_lon": -55.367, "end_lat": -58.848, "end_lon": -55.734, "center_lat": -58.636, "center_lon": -55.5505, "length_km": 51.32, "risk_level": "unknown", "ice_concentration": 0.0, "iceberg_proximity_km": null}, {"seg_id": "3_2", "start_lat": -58.848, "start_lon": -55.734, "end_lat": -59.272, "end_lon": -56.101, "center_lat": -59.06, "center_lon": -55.9175, "length_km": 51.32, "risk_level": "unknown", "ice_concentration": 0.0, "iceberg_proximity_km": null}, {"seg_id": "3_3", "start_lat": -59.272, "start_lon": -56.101, "end_lat": -59.696, "end_lon": -56.468, "center_lat": -59.484, "center_lon": -56.2845, "length_km": 51.32, "risk_level": "unknown", "ice_concentration": 0.0, "iceberg_proximity_km": null}, {"seg_id": "3_4", "start_lat": -59.696, "start_lon": -56.468, "end_lat": -60.12, "end_lon": -56.835, "center_lat": -59.908, "center_lon": -56.6515, "length_km": 51.32, "risk_level": "unknown", "ice_concentration": 0.0, "iceberg_proximity_km": null}, {"seg_id": "3_5", "start_lat": -60.12, "start_lon": -56.835, "end_lat": -60.544, "end_lon": -57.202, "center_lat": -60.332, "center_lon": -57.0185, "length_km": 51.32, "risk_level": "unknown", "ice_concentration": 0.0, "iceberg_proximity_km": null}, {"seg_id": "3_6", "start_lat": -60.544, "start_lon": -57.202, "end_lat": -60.968, "end_lon": -57.569, "center_lat": -60.756, "center_lon": -57.3855, "length_km": 51.32, "risk_level": "unknown", "ice_concentration": 0.0, "iceberg_proximity_km": null}, {"seg_id": "3_7", "start_lat": -60.968, "start_lon": -57.569, "end_lat": -61.392, "end_lon": -57.936, "center_lat": -61.18, "center_lon": -57.7525, "length_km": 51.32, "risk_level": "unknown", "ice_concentration": 0.0, "iceberg_proximity_km": null}, {"seg_id": "3_8", "start_lat": -61.392, "start_lon": -57.936, "end_lat": -61.816, "end_lon": -58.303, "center_lat": -61.604, "center_lon": -58.1195, "length_km": 51.32, "risk_level": "unknown", "ice_concentration": 0.0, "iceberg_proximity_km": null}, {"seg_id": "3_9", "start_lat": -61.816, "start_lon": -58.303, "end_lat": -62.24, "end_lon": -58.67, "center_lat": -62.028, "center_lon": -58.4865, "length_km": 51.32, "risk_level": "unknown", "ice_concentration": 0.0, "iceberg_proximity_km": null}]}, {"type": "Feature", "id": "route_frm_mawson", "properties": {"name": "Fremantle \u2192 Mawson Station", "route_id": "route_frm_mawson", "route_type": "supply", "distance_km": 4600, "typical_vessel": "icebreaker", "segment_count": 120}, "geometry": {"type": "LineString", "coordinates": [[115.74, -32.05], [85.0, -45.0], [65.0, -58.0], [62.87, -67.6]]}, "segments": [{"seg_id": "0_0", "start_lat": -32.05, "start_lon": 115.74, "end_lat": -32.26583, "end_lon": 115.22767, "center_lat": -32.15792, "center_lon": 115.48383, "length_km": 50.19, "risk_level": "unknown", "ice_concentration": 0.0, "iceberg_proximity_km": null}, {"seg_id": "0_1", "start_lat": -32.26583, "start_lon": 115.22767, "end_lat": -32.48167, "end_lon": 114.71533, "center_lat": -32.37375, "center_lon": 114.9715, "length_km": 50.19, "risk_level": "unknown", "ice_concentration": 0.0, "iceberg_proximity_km": null}, {"seg_id": "0_2", "start_lat": -32.48167, "start_lon": 114.71533, "end_lat": -32.6975, "end_lon": 114.203, "center_lat": -32.58958, "center_lon": 114.45917, "length_km": 50.19, "risk_level": "unknown", "ice_concentration": 0.0, "iceberg_proximity_km": null}, {"seg_id": "0_3", "start_lat": -32.6975, "start_lon": 114.203, "end_lat": -32.91333, "end_lon": 113.69067, "center_lat": -32.80542, "center_lon": 113.94683, "length_km": 50.19, "risk_level": "unknown", "ice_concentration": 0.0, "iceberg_proximity_km": null}, {"seg_id": "0_4", "start_lat": -32.91333, "start_lon": 113.69067, "end_lat": -33.12917, "end_lon": 113.17833, "center_lat": -33.02125, "center_lon": 113.4345, "length_km": 50.19, "risk_level": "unknown", "ice_concentration": 0.0, "iceberg_proximity_km": null}, {"seg_id": "0_5", "start_lat": -33.12917, "start_lon": 113.17833, "end_lat": -33.345, "end_lon": 112.666, "center_lat": -33.23708, "center_lon": 112.92217, "length_km": 50.19, "risk_level": "unknown", "ice_concentration": 0.0, "iceberg_proximity_km": null}, {"seg_id": "0_6", "start_lat": -33.345, "start_lon": 112.666, "end_lat": -33.56083, "end_lon": 112.15367, "center_lat": -33.45292, "center_lon": 112.40983, "length_km": 50.19, "risk_level": "unknown", "ice_concentration": 0.0, "iceberg_proximity_km": null}, {"seg_id": "0_7", "start_lat": -33.56083, "start_lon": 112.15367, "end_lat": -33.77667, "end_lon": 111.64133, "center_lat": -33.66875, "center_lon": 111.8975, "length_km": 50.19, "risk_level": "unknown", "ice_concentration": 0.0, "iceberg_proximity_km": null}, {"seg_id": "0_8", "start_lat": -33.77667, "start_lon": 111.64133, "end_lat": -33.9925, "end_lon": 111.129, "center_lat": -33.88458, "center_lon": 111.38517, "length_km": 50.19, "risk_level": "unknown", "ice_concentration": 0.0, "iceberg_proximity_km": null}, {"seg_id": "0_9", "start_lat": -33.9925, "start_lon": 111.129, "end_lat": -34.20833, "end_lon": 110.61667, "center_lat": -34.10042, "center_lon": 110.87283, "length_km": 50.19, "risk_level": "unknown", "ice_concentration": 0.0, "iceberg_proximity_km": null}, {"seg_id": "0_10", "start_lat": -34.20833, "start_lon": 110.61667, "end_lat": -34.42417, "end_lon": 110.10433, "center_lat": -34.31625, "center_lon": 110.3605, "length_km": 50.19, "risk_level": "unknown", "ice_concentration": 0.0, "iceberg_proximity_km": null}, {"seg_id": "0_11", "start_lat": -34.42417, "start_lon": 110.10433, "end_lat": -34.64, "end_lon": 109.592, "center_lat": -34.53208, "center_lon": 109.84817, "length_km": 50.19, "risk_level": "unknown", "ice_concentration": 0.0, "iceberg_proximity_km": null}, {"seg_id": "0_12", "start_lat": -34.64, "start_lon": 109.592, "end_lat": -34.85583, "end_lon": 109.07967, "center_lat": -34.74792, "center_lon": 109.33583, "length_km": 50.19, "risk_level": "unknown", "ice_concentration": 0.0, "iceberg_proximity_km": null}, {"seg_id": "0_13", "start_lat": -34.85583, "start_lon": 109.07967, "end_lat": -35.07167, "end_lon": 108.56733, "center_lat": -34.96375, "center_lon": 108.8235, "length_km": 50.19, "risk_level": "unknown", "ice_concentration": 0.0, "iceberg_proximity_km": null}, {"seg_id": "0_14", "start_lat": -35.07167, "start_lon": 108.56733, "end_lat": -35.2875, "end_lon": 108.055, "center_lat": -35.17958, "center_lon": 108.31117, "length_km": 50.19, "risk_level": "unknown", "ice_concentration": 0.0, "iceberg_proximity_km": null}, {"seg_id": "0_15", "start_lat": -35.2875, "start_lon": 108.055, "end_lat": -35.50333, "end_lon": 107.54267, "center_lat": -35.39542, "center_lon": 107.79883, "length_km": 50.19, "risk_level": "unknown", "ice_concentration": 0.0, "iceberg_proximity_km": null}, {"seg_id": "0_16", "start_lat": -35.50333, "start_lon": 107.54267, "end_lat": -35.71917, "end_lon": 107.03033, "center_lat": -35.61125, "center_lon": 107.2865, "length_km": 50.19, "risk_level": "unknown", "ice_concentration": 0.0, "iceberg_proximity_km": null}, {"seg_id": "0_17", "start_lat": -35.71917, "start_lon": 107.03033, "end_lat": -35.935, "end_lon": 106.518, "center_lat": -35.82708, "center_lon": 106.77417, "length_km": 50.19, "risk_level": "unknown", "ice_concentration": 0.0, "iceberg_proximity_km": null}, {"seg_id": "0_18", "start_lat": -35.935, "start_lon": 106.518, "end_lat": -36.15083, "end_lon": 106.00567, "center_lat": -36.04292, "center_lon": 106.26183, "length_km": 50.19, "risk_level": "unknown", "ice_concentration": 0.0, "iceberg_proximity_km": null}, {"seg_id": "0_19", "start_lat": -36.15083, "start_lon": 106.00567, "end_lat": -36.36667, "end_lon": 105.49333, "center_lat": -36.25875, "center_lon": 105.7495, "length_km": 50.19, "risk_level": "unknown", "ice_concentration": 0.0, "iceberg_proximity_km": null}, {"seg_id": "0_20", "start_lat": -36.36667, "start_lon": 105.49333, "end_lat": -36.5825, "end_lon": 104.981, "center_lat": -36.47458, "center_lon": 105.23717, "length_km": 50.19, "risk_level": "unknown", "ice_concentration": 0.0, "iceberg_proximity_km": null}, {"seg_id": "0_21", "start_lat": -36.5825, "start_lon": 104.981, "end_lat": -36.79833, "end_lon": 104.46867, "center_lat": -36.69042, "center_lon": 104.72483, "length_km": 50.19, "risk_level": "unknown", "ice_concentration": 0.0, "iceberg_proximity_km": null}, {"seg_id": "0_22", "start_lat": -36.79833, "start_lon": 104.46867, "end_lat": -37.01417, "end_lon": 103.95633, "center_lat": -36.90625, "center_lon": 104.2125, "length_km": 50.19, "risk_level": "unknown", "ice_concentration": 0.0, "iceberg_proximity_km": null}, {"seg_id": "0_23", "start_lat": -37.01417, "start_lon": 103.95633, "end_lat": -37.23, "end_lon": 103.444, "center_lat": -37.12208, "center_lon": 103.70017, "length_km": 50.19, "risk_level": "unknown", "ice_concentration": 0.0, "iceberg_proximity_km": null}, {"seg_id": "0_24", "start_lat": -37.23, "start_lon": 103.444, "end_lat": -37.44583, "end_lon": 102.93167, "center_lat": -37.33792, "center_lon": 103.18783, "length_km": 50.19, "risk_level": "unknown", "ice_concentration": 0.0, "iceberg_proximity_km": null}, {"seg_id": "0_25", "start_lat": -37.44583, "start_lon": 102.93167, "end_lat": -37.66167, "end_lon": 102.41933, "center_lat": -37.55375, "center_lon": 102.6755, "length_km": 50.19, "risk_level": "unknown", "ice_concentration": 0.0, "iceberg_proximity_km": null}, {"seg_id": "0_26", "start_lat": -37.66167, "start_lon": 102.41933, "end_lat": -37.8775, "end_lon": 101.907, "center_lat": -37.76958, "center_lon": 102.16317, "length_km": 50.19, "risk_level": "unknown", "ice_concentration": 0.0, "iceberg_proximity_km": null}, {"seg_id": "0_27", "start_lat": -37.8775, "start_lon": 101.907, "end_lat": -38.09333, "end_lon": 101.39467, "center_lat": -37.98542, "center_lon": 101.65083, "length_km": 50.19, "risk_level": "unknown", "ice_concentration": 0.0, "iceberg_proximity_km": null}, {"seg_id": "0_28", "start_lat": -38.09333, "start_lon": 101.39467, "end_lat": -38.30917, "end_lon": 100.88233, "center_lat": -38.20125, "center_lon": 101.1385, "length_km": 50.19, "risk_level": "unknown", "ice_concentration": 0.0, "iceberg_proximity_km": null}, {"seg_id": "0_29", "start_lat": -38.30917, "start_lon": 100.88233, "end_lat": -38.525, "end_lon": 100.37, "center_lat": -38.41708, "center_lon": 100.62617, "length_km": 50.19, "risk_level": "unknown", "ice_concentration": 0.0, "iceberg_proximity_km": null}, {"seg_id": "0_30", "start_lat": -38.525, "start_lon": 100.37, "end_lat": -38.74083, "end_lon": 99.85767, "center_lat": -38.63292, "center_lon": 100.11383, "length_km": 50.19, "risk_level": "unknown", "ice_concentration": 0.0, "iceberg_proximity_km": null}, {"seg_id": "0_31", "start_lat": -38.74083, "start_lon": 99.85767, "end_lat": -38.95667, "end_lon": 99.34533, "center_lat": -38.84875, "center_lon": 99.6015, "length_km": 50.19, "risk_level": "unknown", "ice_concentration": 0.0, "iceberg_proximity_km": null}, {"seg_id": "0_32", "start_lat": -38.95667, "start_lon": 99.34533, "end_lat": -39.1725, "end_lon": 98.833, "center_lat": -39.06458, "center_lon": 99.08917, "length_km": 50.19, "risk_level": "unknown", "ice_concentration": 0.0, "iceberg_proximity_km": null}, {"seg_id": "0_33", "start_lat": -39.1725, "start_lon": 98.833, "end_lat": -39.38833, "end_lon": 98.32067, "center_lat": -39.28042, "center_lon": 98.57683, "length_km": 50.19, "risk_level": "unknown", "ice_concentration": 0.0, "iceberg_proximity_km": null}, {"seg_id": "0_34", "start_lat": -39.38833, "start_lon": 98.32067, "end_lat": -39.60417, "end_lon": 97.80833, "center_lat": -39.49625, "center_lon": 98.0645, "length_km": 50.19, "risk_level": "unknown", "ice_concentration": 0.0, "iceberg_proximity_km": null}, {"seg_id": "0_35", "start_lat": -39.60417, "start_lon": 97.80833, "end_lat": -39.82, "end_lon": 97.296, "center_lat": -39.71208, "center_lon": 97.55217, "length_km": 50.19, "risk_level": "unknown", "ice_concentration": 0.0, "iceberg_proximity_km": null}, {"seg_id": "0_36", "start_lat": -39.82, "start_lon": 97.296, "end_lat": -40.03583, "end_lon": 96.78367, "center_lat": -39.92792, "center_lon": 97.03983, "length_km": 50.19, "risk_level": "unknown", "ice_concentration": 0.0, "iceberg_proximity_km": null}, {"seg_id": "0_37", "start_lat": -40.03583, "start_lon": 96.78367, "end_lat": -40.25167, "end_lon": 96.27133, "center_lat": -40.14375, "center_lon": 96.5275, "length_km": 50.19, "risk_level": "unknown", "ice_concentration": 0.0, "iceberg_proximity_km": null}, {"seg_id": "0_38", "start_lat": -40.25167, "start_lon": 96.27133, "end_lat": -40.4675, "end_lon": 95.759, "center_lat": -40.35958, "center_lon": 96.01517, "length_km": 50.19, "risk_level": "unknown", "ice_concentration": 0.0, "iceberg_proximity_km": null}, {"seg_id": "0_39", "start_lat": -40.4675, "start_lon": 95.759, "end_lat": -40.68333, "end_lon": 95.24667, "center_lat": -40.57542, "center_lon": 95.50283, "length_km": 50.19, "risk_level": "unknown", "ice_concentration": 0.0, "iceberg_proximity_km": null}, {"seg_id": "0_40", "start_lat": -40.68333, "start_lon": 95.24667, "end_lat": -40.89917, "end_lon": 94.73433, "center_lat": -40.79125, "center_lon": 94.9905, "length_km": 50.19, "risk_level": "unknown", "ice_concentration": 0.0, "iceberg_proximity_km": null}, {"seg_id": "0_41", "start_lat": -40.89917, "start_lon": 94.73433, "end_lat": -41.115, "end_lon": 94.222, "center_lat": -41.00708, "center_lon": 94.47817, "length_km": 50.19, "risk_level": "unknown", "ice_concentration": 0.0, "iceberg_proximity_km": null}, {"seg_id": "0_42", "start_lat": -41.115, "start_lon": 94.222, "end_lat": -41.33083, "end_lon": 93.70967, "center_lat": -41.22292, "center_lon": 93.96583, "length_km": 50.19, "risk_level": "unknown", "ice_concentration": 0.0, "iceberg_proximity_km": null}, {"seg_id": "0_43", "start_lat": -41.33083, "start_lon": 93.70967, "end_lat": -41.54667, "end_lon": 93.19733, "center_lat": -41.43875, "center_lon": 93.4535, "length_km": 50.19, "risk_level": "unknown", "ice_concentration": 0.0, "iceberg_proximity_km": null}, {"seg_id": "0_44", "start_lat": -41.54667, "start_lon": 93.19733, "end_lat": -41.7625, "end_lon": 92.685, "center_lat": -41.65458, "center_lon": 92.94117, "length_km": 50.19, "risk_level": "unknown", "ice_concentration": 0.0, "iceberg_proximity_km": null}, {"seg_id": "0_45", "start_lat": -41.7625, "start_lon": 92.685, "end_lat": -41.97833, "end_lon": 92.17267, "center_lat": -41.87042, "center_lon": 92.42883, "length_km": 50.19, "risk_level": "unknown", "ice_concentration": 0.0, "iceberg_proximity_km": null}, {"seg_id": "0_46", "start_lat": -41.97833, "start_lon": 92.17267, "end_lat": -42.19417, "end_lon": 91.66033, "center_lat": -42.08625, "center_lon": 91.9165, "length_km": 50.19, "risk_level": "unknown", "ice_concentration": 0.0, "iceberg_proximity_km": null}, {"seg_id": "0_47", "start_lat": -42.19417, "start_lon": 91.66033, "end_lat": -42.41, "end_lon": 91.148, "center_lat": -42.30208, "center_lon": 91.40417, "length_km": 50.19, "risk_level": "unknown", "ice_concentration": 0.0, "iceberg_proximity_km": null}, {"seg_id": "0_48", "start_lat": -42.41, "start_lon": 91.148, "end_lat": -42.62583, "end_lon": 90.63567, "center_lat": -42.51792, "center_lon": 90.89183, "length_km": 50.19, "risk_level": "unknown", "ice_concentration": 0.0, "iceberg_proximity_km": null}, {"seg_id": "0_49", "start_lat": -42.62583, "start_lon": 90.63567, "end_lat": -42.84167, "end_lon": 90.12333, "center_lat": -42.73375, "center_lon": 90.3795, "length_km": 50.19, "risk_level": "unknown", "ice_concentration": 0.0, "iceberg_proximity_km": null}, {"seg_id": "0_50", "start_lat": -42.84167, "start_lon": 90.12333, "end_lat": -43.0575, "end_lon": 89.611, "center_lat": -42.94958, "center_lon": 89.86717, "length_km": 50.19, "risk_level": "unknown", "ice_concentration": 0.0, "iceberg_proximity_km": null}, {"seg_id": "0_51", "start_lat": -43.0575, "start_lon": 89.611, "end_lat": -43.27333, "end_lon": 89.09867, "center_lat": -43.16542, "center_lon": 89.35483, "length_km": 50.19, "risk_level": "unknown", "ice_concentration": 0.0, "iceberg_proximity_km": null}, {"seg_id": "0_52", "start_lat": -43.27333, "start_lon": 89.09867, "end_lat": -43.48917, "end_lon": 88.58633, "center_lat": -43.38125, "center_lon": 88.8425, "length_km": 50.19, "risk_level": "unknown", "ice_concentration": 0.0, "iceberg_proximity_km": null}, {"seg_id": "0_53", "start_lat": -43.48917, "start_lon": 88.58633, "end_lat": -43.705, "end_lon": 88.074, "center_lat": -43.59708, "center_lon": 88.33017, "length_km": 50.19, "risk_level": "unknown", "ice_concentration": 0.0, "iceberg_proximity_km": null}, {"seg_id": "0_54", "start_lat": -43.705, "start_lon": 88.074, "end_lat": -43.92083, "end_lon": 87.56167, "center_lat": -43.81292, "center_lon": 87.81783, "length_km": 50.19, "risk_level": "unknown", "ice_concentration": 0.0, "iceberg_proximity_km": null}, {"seg_id": "0_55", "start_lat": -43.92083, "start_lon": 87.56167, "end_lat": -44.13667, "end_lon": 87.04933, "center_lat": -44.02875, "center_lon": 87.3055, "length_km": 50.19, "risk_level": "unknown", "ice_concentration": 0.0, "iceberg_proximity_km": null}, {"seg_id": "0_56", "start_lat": -44.13667, "start_lon": 87.04933, "end_lat": -44.3525, "end_lon": 86.537, "center_lat": -44.24458, "center_lon": 86.79317, "length_km": 50.19, "risk_level": "unknown", "ice_concentration": 0.0, "iceberg_proximity_km": null}, {"seg_id": "0_57", "start_lat": -44.3525, "start_lon": 86.537, "end_lat": -44.56833, "end_lon": 86.02467, "center_lat": -44.46042, "center_lon": 86.28083, "length_km": 50.19, "risk_level": "unknown", "ice_concentration": 0.0, "iceberg_proximity_km": null}, {"seg_id": "0_58", "start_lat": -44.56833, "start_lon": 86.02467, "end_lat": -44.78417, "end_lon": 85.51233, "center_lat": -44.67625, "center_lon": 85.7685, "length_km": 50.19, "risk_level": "unknown", "ice_concentration": 0.0, "iceberg_proximity_km": null}, {"seg_id": "0_59", "start_lat": -44.78417, "start_lon": 85.51233, "end_lat": -45.0, "end_lon": 85.0, "center_lat": -44.89208, "center_lon": 85.25617, "length_km": 50.19, "risk_level": "unknown", "ice_concentration": 0.0, "iceberg_proximity_km": null}, {"seg_id": "1_0", "start_lat": -45.0, "start_lon": 85.0, "end_lat": -45.33333, "end_lon": 84.48718, "center_lat": -45.16667, "center_lon": 84.74359, "length_km": 50.94, "risk_level": "unknown", "ice_concentration": 0.0, "iceberg_proximity_km": null}, {"seg_id": "1_1", "start_lat": -45.33333, "start_lon": 84.48718, "end_lat": -45.66667, "end_lon": 83.97436, "center_lat": -45.5, "center_lon": 84.23077, "length_km": 50.94, "risk_level": "unknown", "ice_concentration": 0.0, "iceberg_proximity_km": null}, {"seg_id": "1_2", "start_lat": -45.66667, "start_lon": 83.97436, "end_lat": -46.0, "end_lon": 83.46154, "center_lat": -45.83333, "center_lon": 83.71795, "length_km": 50.94, "risk_level": "unknown", "ice_concentration": 0.0, "iceberg_proximity_km": null}, {"seg_id": "1_3", "start_lat": -46.0, "start_lon": 83.46154, "end_lat": -46.33333, "end_lon": 82.94872, "center_lat": -46.16667, "center_lon": 83.20513, "length_km": 50.94, "risk_level": "unknown", "ice_concentration": 0.0, "iceberg_proximity_km": null}, {"seg_id": "1_4", "start_lat": -46.33333, "start_lon": 82.94872, "end_lat": -46.66667, "end_lon": 82.4359, "center_lat": -46.5, "center_lon": 82.69231, "length_km": 50.94, "risk_level": "unknown", "ice_concentration": 0.0, "iceberg_proximity_km": null}, {"seg_id": "1_5", "start_lat": -46.66667, "start_lon": 82.4359, "end_lat": -47.0, "end_lon": 81.92308, "center_lat": -46.83333, "center_lon": 82.17949, "length_km": 50.94, "risk_level": "unknown", "ice_concentration": 0.0, "iceberg_proximity_km": null}, {"seg_id": "1_6", "start_lat": -47.0, "start_lon": 81.92308, "end_lat": -47.33333, "end_lon": 81.41026, "center_lat": -47.16667, "center_lon": 81.66667, "length_km": 50.94, "risk_level": "unknown", "ice_concentration": 0.0, "iceberg_proximity_km": null}, {"seg_id": "1_7", "start_lat": -47.33333, "start_lon": 81.41026, "end_lat": -47.66667, "end_lon": 80.89744, "center_lat": -47.5, "center_lon": 81.15385, "length_km": 50.94, "risk_level": "unknown", "ice_concentration": 0.0, "iceberg_proximity_km": null}, {"seg_id": "1_8", "start_lat": -47.66667, "start_lon": 80.89744, "end_lat": -48.0, "end_lon": 80.38462, "center_lat": -47.83333, "center_lon": 80.64103, "length_km": 50.94, "risk_level": "unknown", "ice_concentration": 0.0, "iceberg_proximity_km": null}, {"seg_id": "1_9", "start_lat": -48.0, "start_lon": 80.38462, "end_lat": -48.33333, "end_lon": 79.87179, "center_lat": -48.16667, "center_lon": 80.12821, "length_km": 50.94, "risk_level": "unknown", "ice_concentration": 0.0, "iceberg_proximity_km": null}, {"seg_id": "1_10", "start_lat": -48.33333, "start_lon": 79.87179, "end_lat": -48.66667, "end_lon": 79.35897, "center_lat": -48.5, "center_lon": 79.61538, "length_km": 50.94, "risk_level": "unknown", "ice_concentration": 0.0, "iceberg_proximity_km": null}, {"seg_id": "1_11", "start_lat": -48.66667, "start_lon": 79.35897, "end_lat": -49.0, "end_lon": 78.84615, "center_lat": -48.83333, "center_lon": 79.10256, "length_km": 50.94, "risk_level": "unknown", "ice_concentration": 0.0, "iceberg_proximity_km": null}, {"seg_id": "1_12", "start_lat": -49.0, "start_lon": 78.84615, "end_lat": -49.33333, "end_lon": 78.33333, "center_lat": -49.16667, "center_lon": 78.58974, "length_km": 50.94, "risk_level": "unknown", "ice_concentration": 0.0, "iceberg_proximity_km": null}, {"seg_id": "1_13", "start_lat": -49.33333, "start_lon": 78.33333, "end_lat": -49.66667, "end_lon": 77.82051, "center_lat": -49.5, "center_lon": 78.07692, "length_km": 50.94, "risk_level": "unknown", "ice_concentration": 0.0, "iceberg_proximity_km": null}, {"seg_id": "1_14", "start_lat": -49.66667, "start_lon": 77.82051, "end_lat": -50.0, "end_lon": 77.30769, "center_lat": -49.83333, "center_lon": 77.5641, "length_km": 50.94, "risk_level": "unknown", "ice_concentration": 0.0, "iceberg_proximity_km": null}, {"seg_id": "1_15", "start_lat": -50.0, "start_lon": 77.30769, "end_lat": -50.33333, "end_lon": 76.79487, "center_lat": -50.16667, "center_lon": 77.05128, "length_km": 50.94, "risk_level": "unknown", "ice_concentration": 0.0, "iceberg_proximity_km": null}, {"seg_id": "1_16", "start_lat": -50.33333, "start_lon": 76.79487, "end_lat": -50.66667, "end_lon": 76.28205, "center_lat": -50.5, "center_lon": 76.53846, "length_km": 50.94, "risk_level": "unknown", "ice_concentration": 0.0, "iceberg_proximity_km": null}, {"seg_id": "1_17", "start_lat": -50.66667, "start_lon": 76.28205, "end_lat": -51.0, "end_lon": 75.76923, "center_lat": -50.83333, "center_lon": 76.02564, "length_km": 50.94, "risk_level": "unknown", "ice_concentration": 0.0, "iceberg_proximity_km": null}, {"seg_id": "1_18", "start_lat": -51.0, "start_lon": 75.76923, "end_lat": -51.33333, "end_lon": 75.25641, "center_lat": -51.16667, "center_lon": 75.51282, "length_km": 50.94, "risk_level": "unknown", "ice_concentration": 0.0, "iceberg_proximity_km": null}, {"seg_id": "1_19", "start_lat": -51.33333, "start_lon": 75.25641, "end_lat": -51.66667, "end_lon": 74.74359, "center_lat": -51.5, "center_lon": 75.0, "length_km": 50.94, "risk_level": "unknown", "ice_concentration": 0.0, "iceberg_proximity_km": null}, {"seg_id": "1_20", "start_lat": -51.66667, "start_lon": 74.74359, "end_lat": -52.0, "end_lon": 74.23077, "center_lat": -51.83333, "center_lon": 74.48718, "length_km": 50.94, "risk_level": "unknown", "ice_concentration": 0.0, "iceberg_proximity_km": null}, {"seg_id": "1_21", "start_lat": -52.0, "start_lon": 74.23077, "end_lat": -52.33333, "end_lon": 73.71795, "center_lat": -52.16667, "center_lon": 73.97436, "length_km": 50.94, "risk_level": "unknown", "ice_concentration": 0.0, "iceberg_proximity_km": null}, {"seg_id": "1_22", "start_lat": -52.33333, "start_lon": 73.71795, "end_lat": -52.66667, "end_lon": 73.20513, "center_lat": -52.5, "center_lon": 73.46154, "length_km": 50.94, "risk_level": "unknown", "ice_concentration": 0.0, "iceberg_proximity_km": null}, {"seg_id": "1_23", "start_lat": -52.66667, "start_lon": 73.20513, "end_lat": -53.0, "end_lon": 72.69231, "center_lat": -52.83333, "center_lon": 72.94872, "length_km": 50.94, "risk_level": "unknown", "ice_concentration": 0.0, "iceberg_proximity_km": null}, {"seg_id": "1_24", "start_lat": -53.0, "start_lon": 72.69231, "end_lat": -53.33333, "end_lon": 72.17949, "center_lat": -53.16667, "center_lon": 72.4359, "length_km": 50.94, "risk_level": "unknown", "ice_concentration": 0.0, "iceberg_proximity_km": null}, {"seg_id": "1_25", "start_lat": -53.33333, "start_lon": 72.17949, "end_lat": -53.66667, "end_lon": 71.66667, "center_lat": -53.5, "center_lon": 71.92308, "length_km": 50.94, "risk_level": "unknown", "ice_concentration": 0.0, "iceberg_proximity_km": null}, {"seg_id": "1_26", "start_lat": -53.66667, "start_lon": 71.66667, "end_lat": -54.0, "end_lon": 71.15385, "center_lat": -53.83333, "center_lon": 71.41026, "length_km": 50.94, "risk_level": "unknown", "ice_concentration": 0.0, "iceberg_proximity_km": null}, {"seg_id": "1_27", "start_lat": -54.0, "start_lon": 71.15385, "end_lat": -54.33333, "end_lon": 70.64103, "center_lat": -54.16667, "center_lon": 70.89744, "length_km": 50.94, "risk_level": "unknown", "ice_concentration": 0.0, "iceberg_proximity_km": null}, {"seg_id": "1_28", "start_lat": -54.33333, "start_lon": 70.64103, "end_lat": -54.66667, "end_lon": 70.12821, "center_lat": -54.5, "center_lon": 70.38462, "length_km": 50.94, "risk_level": "unknown", "ice_concentration": 0.0, "iceberg_proximity_km": null}, {"seg_id": "1_29", "start_lat": -54.66667, "start_lon": 70.12821, "end_lat": -55.0, "end_lon": 69.61538, "center_lat": -54.83333, "center_lon": 69.87179, "length_km": 50.94, "risk_level": "unknown", "ice_concentration": 0.0, "iceberg_proximity_km": null}, {"seg_id": "1_30", "start_lat": -55.0, "start_lon": 69.61538, "end_lat": -55.33333, "end_lon": 69.10256, "center_lat": -55.16667, "center_lon": 69.35897, "length_km": 50.94, "risk_level": "unknown", "ice_concentration": 0.0, "iceberg_proximity_km": null}, {"seg_id": "1_31", "start_lat": -55.33333, "start_lon": 69.10256, "end_lat": -55.66667, "end_lon": 68.58974, "center_lat": -55.5, "center_lon": 68.84615, "length_km": 50.94, "risk_level": "unknown", "ice_concentration": 0.0, "iceberg_proximity_km": null}, {"seg_id": "1_32", "start_lat": -55.66667, "start_lon": 68.58974, "end_lat": -56.0, "end_lon": 68.07692, "center_lat": -55.83333, "center_lon": 68.33333, "length_km": 50.94, "risk_level": "unknown", "ice_concentration": 0.0, "iceberg_proximity_km": null}, {"seg_id": "1_33", "start_lat": -56.0, "start_lon": 68.07692, "end_lat": -56.33333, "end_lon": 67.5641, "center_lat": -56.16667, "center_lon": 67.82051, "length_km": 50.94, "risk_level": "unknown", "ice_concentration": 0.0, "iceberg_proximity_km": null}, {"seg_id": "1_34", "start_lat": -56.33333, "start_lon": 67.5641, "end_lat": -56.66667, "end_lon": 67.05128, "center_lat": -56.5, "center_lon": 67.30769, "length_km": 50.94, "risk_level": "unknown", "ice_concentration": 0.0, "iceberg_proximity_km": null}, {"seg_id": "1_35", "start_lat": -56.66667, "start_lon": 67.05128, "end_lat": -57.0, "end_lon": 66.53846, "center_lat": -56.83333, "center_lon": 66.79487, "length_km": 50.94, "risk_level": "unknown", "ice_concentration": 0.0, "iceberg_proximity_km": null}, {"seg_id": "1_36", "start_lat": -57.0, "start_lon": 66.53846, "end_lat": -57.33333, "end_lon": 66.02564, "center_lat": -57.16667, "center_lon": 66.28205, "length_km": 50.94, "risk_level": "unknown", "ice_concentration": 0.0, "iceberg_proximity_km": null}, {"seg_id": "1_37", "start_lat": -57.33333, "start_lon": 66.02564, "end_lat": -57.66667, "end_lon": 65.51282, "center_lat": -57.5, "center_lon": 65.76923, "length_km": 50.94, "risk_level": "unknown", "ice_concentration": 0.0, "iceberg_proximity_km": null}, {"seg_id": "1_38", "start_lat": -57.66667, "start_lon": 65.51282, "end_lat": -58.0, "end_lon": 65.0, "center_lat": -57.83333, "center_lon": 65.25641, "length_km": 50.94, "risk_level": "unknown", "ice_concentration": 0.0, "iceberg_proximity_km": null}, {"seg_id": "2_0", "start_lat": -58.0, "start_lon": 65.0, "end_lat": -58.45714, "end_lon": 64.89857, "center_lat": -58.22857, "center_lon": 64.94929, "length_km": 51.09, "risk_level": "unknown", "ice_concentration": 0.0, "iceberg_proximity_km": null}, {"seg_id": "2_1", "start_lat": -58.45714, "start_lon": 64.89857, "end_lat": -58.91429, "end_lon": 64.79714, "center_lat": -58.68571, "center_lon": 64.84786, "length_km": 51.09, "risk_level": "unknown", "ice_concentration": 0.0, "iceberg_proximity_km": null}, {"seg_id": "2_2", "start_lat": -58.91429, "start_lon": 64.79714, "end_lat": -59.37143, "end_lon": 64.69571, "center_lat": -59.14286, "center_lon": 64.74643, "length_km": 51.09, "risk_level": "unknown", "ice_concentration": 0.0, "iceberg_proximity_km": null}, {"seg_id": "2_3", "start_lat": -59.37143, "start_lon": 64.69571, "end_lat": -59.82857, "end_lon": 64.59429, "center_lat": -59.6, "center_lon": 64.645, "length_km": 51.09, "risk_level": "unknown", "ice_concentration": 0.0, "iceberg_proximity_km": null}, {"seg_id": "2_4", "start_lat": -59.82857, "start_lon": 64.59429, "end_lat": -60.28571, "end_lon": 64.49286, "center_lat": -60.05714, "center_lon": 64.54357, "length_km": 51.09, "risk_level": "unknown", "ice_concentration": 0.0, "iceberg_proximity_km": null}, {"seg_id": "2_5", "start_lat": -60.28571, "start_lon": 64.49286, "end_lat": -60.74286, "end_lon": 64.39143, "center_lat": -60.51429, "center_lon": 64.44214, "length_km": 51.09, "risk_level": "unknown", "ice_concentration": 0.0, "iceberg_proximity_km": null}, {"seg_id": "2_6", "start_lat": -60.74286, "start_lon": 64.39143, "end_lat": -61.2, "end_lon": 64.29, "center_lat": -60.97143, "center_lon": 64.34071, "length_km": 51.09, "risk_level": "unknown", "ice_concentration": 0.0, "iceberg_proximity_km": null}, {"seg_id": "2_7", "start_lat": -61.2, "start_lon": 64.29, "end_lat": -61.65714, "end_lon": 64.18857, "center_lat": -61.42857, "center_lon": 64.23929, "length_km": 51.09, "risk_level": "unknown", "ice_concentration": 0.0, "iceberg_proximity_km": null}, {"seg_id": "2_8", "start_lat": -61.65714, "start_lon": 64.18857, "end_lat": -62.11429, "end_lon": 64.08714, "center_lat": -61.88571, "center_lon": 64.13786, "length_km": 51.09, "risk_level": "unknown", "ice_concentration": 0.0, "iceberg_proximity_km": null}, {"seg_id": "2_9", "start_lat": -62.11429, "start_lon": 64.08714, "end_lat": -62.57143, "end_lon": 63.98571, "center_lat": -62.34286, "center_lon": 64.03643, "length_km": 51.09, "risk_level": "unknown", "ice_concentration": 0.0, "iceberg_proximity_km": null}, {"seg_id": "2_10", "start_lat": -62.57143, "start_lon": 63.98571, "end_lat": -63.02857, "end_lon": 63.88429, "center_lat": -62.8, "center_lon": 63.935, "length_km": 51.09, "risk_level": "unknown", "ice_concentration": 0.0, "iceberg_proximity_km": null}, {"seg_id": "2_11", "start_lat": -63.02857, "start_lon": 63.88429, "end_lat": -63.48571, "end_lon": 63.78286, "center_lat": -63.25714, "center_lon": 63.83357, "length_km": 51.09, "risk_level": "unknown", "ice_concentration": 0.0, "iceberg_proximity_km": null}, {"seg_id": "2_12", "start_lat": -63.48571, "start_lon": 63.78286, "end_lat": -63.94286, "end_lon": 63.68143, "center_lat": -63.71429, "center_lon": 63.73214, "length_km": 51.09, "risk_level": "unknown", "ice_concentration": 0.0, "iceberg_proximity_km": null}, {"seg_id": "2_13", "start_lat": -63.94286, "start_lon": 63.68143, "end_lat": -64.4, "end_lon": 63.58, "center_lat": -64.17143, "center_lon": 63.63071, "length_km": 51.09, "risk_level": "unknown", "ice_concentration": 0.0, "iceberg_proximity_km": null}, {"seg_id": "2_14", "start_lat": -64.4, "start_lon": 63.58, "end_lat": -64.85714, "end_lon": 63.47857, "center_lat": -64.62857, "center_lon": 63.52929, "length_km": 51.09, "risk_level": "unknown", "ice_concentration": 0.0, "iceberg_proximity_km": null}, {"seg_id": "2_15", "start_lat": -64.85714, "start_lon": 63.47857, "end_lat": -65.31429, "end_lon": 63.37714, "center_lat": -65.08571, "center_lon": 63.42786, "length_km": 51.09, "risk_level": "unknown", "ice_concentration": 0.0, "iceberg_proximity_km": null}, {"seg_id": "2_16", "start_lat": -65.31429, "start_lon": 63.37714, "end_lat": -65.77143, "end_lon": 63.27571, "center_lat": -65.54286, "center_lon": 63.32643, "length_km": 51.09, "risk_level": "unknown", "ice_concentration": 0.0, "iceberg_proximity_km": null}, {"seg_id": "2_17", "start_lat": -65.77143, "start_lon": 63.27571, "end_lat": -66.22857, "end_lon": 63.17429, "center_lat": -66.0, "center_lon": 63.225, "length_km": 51.09, "risk_level": "unknown", "ice_concentration": 0.0, "iceberg_proximity_km": null}, {"seg_id": "2_18", "start_lat": -66.22857, "start_lon": 63.17429, "end_lat": -66.68571, "end_lon": 63.07286, "center_lat": -66.45714, "center_lon": 63.12357, "length_km": 51.09, "risk_level": "unknown", "ice_concentration": 0.0, "iceberg_proximity_km": null}, {"seg_id": "2_19", "start_lat": -66.68571, "start_lon": 63.07286, "end_lat": -67.14286, "end_lon": 62.97143, "center_lat": -66.91429, "center_lon": 63.02214, "length_km": 51.09, "risk_level": "unknown", "ice_concentration": 0.0, "iceberg_proximity_km": null}, {"seg_id": "2_20", "start_lat": -67.14286, "start_lon": 62.97143, "end_lat": -67.6, "end_lon": 62.87, "center_lat": -67.37143, "center_lon": 62.92071, "length_km": 51.09, "risk_level": "unknown", "ice_concentration": 0.0, "iceberg_proximity_km": null}]}]}